name,icao,iata,country,callsign
1Time Airline,RNX,1T,South Africa,NEXTIME
40-Mile Air,MLA,Q5,United States,MILE-AIR
611897 Alberta Limited,THD,,Canada,DONUT
Ansett Australia,AAA,AN,Australia,ANSETT
Abelag Aviation,AAB,W9,Belgium,ABG
Army Air Corps,AAC,,United Kingdom,ARMYAIR
Aigle Azur,AAF,ZI,France,AIGLE AZUR
Aloha Airlines,AAH,AQ,United States,ALOHA
American Airlines,AAL,AA,United States,AMERICAN
Asiana Airlines,AAR,OZ,Republic of Korea,ASIANA
Askari Aviation,AAS,4K,Pakistan,AL-AAS
Astro Air International,AAV,,United States,ASTRO-PHIL
Afriqiyah Airways,AAW,8U,Libya,AFRIQIYAH
Afrinat International Airlines,AFU,Q9,Gambia,
Allegiant Air,AAY,G4,United States,ALLEGIANT
Angus Aviation,AAZ,,Canada,ANGUS
African Business and Transportations,ABB,,Democratic Republic of the Congo,AFRICAN BUSINESS-
Aban Air,ABE,K5,Iran,ABAN
Aerial Oy,ABF,,Finland,SKYWINGS
Abakan-Avia,ABG,,Russia,ABAKAN-AVIA
ABSA - Aerolinhas Brasileiras,TUS,M3,Brazil,ABSA Cargo
Abaet,ABJ,,Brazil,Abaet
Antrak Air,ABV,04,Ghana,ANTRAK
Airborne Express,ABX,GB,United States,ABEX
ABX Air,ABX,GB,United States,ABEX
Astral Aviation,ACP,8V,Kenya,ASTRAL CARGO
Aero Asia International,RSO,E4,Pakistan,AERO ASIA
Air Charters,ACX,,Canada,PARAIR
Air Togo,TGA,YT,Togo,AIR TOGO
Atlas Cargo Lines,ACY,,Morocco,ATLAS CARGOLINES
Ada Air,ADE,ZY,Albania,ADA AIR
ADC Airlines,ADK,Z7,Nigeria,ADCO
Aerodienst GmbH,ADN,,Germany,AERODIENST
Aerodyne,ADY,,United States,AERODYNE
Adria Airways,ADR,JP,Slovenia,ADRIA
Air Europa,AEA,UX,Spain,EUROPA
Air Southwest Ltd.,ASW,,Canada,AIRSOUTHWEST
Aero Benin,AEB,EM,Benin,AEROBEN
Aegean Airlines,AEE,A3,Greece,AEGEAN
Aerofumigaciones Sam,AEG,,Chile,FUMIGACIONES SAM
Air Atlantique,AAG,KI,United Kingdom,ATLANTIC
Air Europe,AEL,PE,Italy,AIR EUROPE
Alaska Central Express,AER,KO,United States,ACE AIR
Astraeus,AEU,5W,United Kingdom,FLYSTAR
Aerosvit Airlines,AEW,VV,Ukraine,AEROSVIT
Air Italy,AEY,I9,Italy,AIR ITALY
Aerial Transit Company,AEZ,,United States,AERIAL TRANZ
American Falcon,AFB,WK,Argentina,AMERICAN FALCON
Alliance Airlines,UTY,QQ,Australia,UNITY
Auvia Air,UVT,,Indonesia,AUVIA
Ariana Afghan Airlines,AFG,FG,Afghanistan,ARIANA
Africaone,AFI,,Uganda,AFRICAWORLD
Aeroflot Russian Airlines,AFL,SU,Russia,AEROFLOT
Air Bosna,BON,JA,Bosnia and Herzegovina,AIR BOSNA
Air France,AFR,AF,France,AIRFRANS
Air Partner,ACG,,United Kingdom,AIR PARTNER
Air Caledonie International,ACI,SB,France,AIRCALIN
Air Gabon,AGN,GN,Gabon,GOLF NOVEMBER
Air Cargo Carriers,SNC,2Q,United States,NIGHT CARGO
Air Senegal International,SNG,V7,Senegal,AIR SENEGAL
Air Namibia,NMB,SW,Namibia,NAMIBIA
Afrique Regional Airways,AFW,,Ivory Coast,AFRAIR
Air Service Gabon,AGB,G8,Gabon,
Arab Agricultural Aviation Company,AGC,,Egypt,AGRICO
Aerolitoral,SLI,5D,Mexico,COSTERA
Amadeus Global Travel Distribution,AGT,1A,Spain,AMADEUS
Angara Airlines,AGU,,Russia,SARMA
Air Glaciers,AGV,7T,Switzerland,AIR GLACIERS
Aviogenex,AGX,,Serbia,GENEX
Aeroper,PLI,PL,Peru,Aeroperu
Atlas Blue,BMM,8A,Morocco,ATLAS BLUE
Air Alpha Greenland,AHA,GD,Denmark,AIR ALPHA
Air Hong Kong,AHK,LD,Hong Kong,AIR HONG KONG
Aeromist-Kharkiv,AHW,HT,Ukraine,AEROMIST
Azerbaijan Airlines,AHY,J2,Azerbaijan,AZAL
Avies,AIA,U3,Estonia,AVIES
Airbus Industrie,AIB,AP,France,AIRBUS INDUSTRIE
Alpine Air Chile,AIH,,Chile,ALPINE CHILE
ABC Aerolineas,AIJ,,Mexico,ABC AEROLINEAS
Alpine Air Express,AIP,5A,United States,ALPINE AIR
Aba Air,ABP,,Czech Republic,BAIR
Airblue,ABQ,ED,Pakistan,PAKBLUE
Air Berlin,BER,AB,Germany,AIR BERLIN
Air Contractors,ABR,AG,Ireland,CONTRACT
Air India Limited,AIC,AI,India,AIRINDIA
Air Bourbon,BUB,ZB,Reunion,BOURBON
Air Atlanta Icelandic,ABD,CC,Iceland,ATLANTA
Air Inuit,AIE,,Canada,AIR INUIT
Air Srpska,SBK,RB,Bosnia and Herzegovina,Air Srpska
Air Tahiti Nui,THT,TN,France,TAHITI AIRLINES
Aero Services Executive,BES,W4,France,BIRD EXPRESS
Atlantic Island Airways,AIW,,Canada,TARTAN
Arkia Israel Airlines,AIZ,IZ,Israel,ARKIA
Ameristar Jet Charter,AJI,,United States,AMERISTAR
Allied Air,AJK,,Nigeria,BAMBI
Air Jamaica,AJM,JM,Jamaica,JAMAICA
Air One,ADH,AP,Italy,HERON
Air Sahara,RSH,S2,India,SAHARA
Air Malta,AMC,KM,Malta,AIR MALTA
Amerijet International,AJT,M6,United States,AMERIJET
Air Japan,AJX,NQ,Japan,AIR JAPAN
Air BC,ABL,,Canada,AIRCOACH
Air Fret Senegal,ABN,,Senegal,
Air Kiribati,AKL,4A,Kiribati,
Air Nippon Network Co. Ltd.,AKX,EH,Japan,ALFA WING
Albion Aviation,ALD,,United Kingdom,ALBION
America West Airlines,AWE,HP,United States,CACTUS
Air Wisconsin,AWI,ZW,United States,AIR WISCONSIN
Aerotransporte de Carga Union,TNO,,Mexico,AEROUNION
Tatarstan Airlines,TAK,U9,Russia,TATARSTAN
Alas de Venezuela,ALV,,Venezuela,ALVEN
Ameriflight,AMF,,United States,AMFLIGHT
Air Lithuania,KLA,TT,Lithuania,KAUNAS
Aviation Amos,AMJ,,Canada,AVIATION AMOS
Air Malawi,AML,QM,Malawi,MALAWI
Aeromedicare Ltd.,AMQ,,United Kingdom,LIFELINE
Air Macau,AMU,NX,Macao,AIR MACAO
AMC Airlines,AMV,,Egypt,
Air Midwest,AMW,ZV,United States,AIR MIDWEST
Air Seychelles,SEY,HM,Seychelles,SEYCHELLES
Air Sofia,SFB,,Bulgaria,AIR SOFIA
AeroMéxico,AMX,AM,Mexico,AEROMEXICO
All Nippon Airways,ANA,NH,Japan,ALL NIPPON
Air Nostrum,ANE,YW,Spain,AIR NOSTRUM
Air Niugini,ANG,PX,Papua New Guinea,NUIGINI
Air Arabia,ABY,G9,United Arab Emirates,ARABIA
Air Canada,ACA,AC,Canada,AIR CANADA
Air Baltic,BTI,BT,Latvia,AIRBALTIC
Alajnihah for Air Transport,ANH,,Libya,ALAJNIHAH
Air Nippon,ANK,EL,Japan,ANK AIR
Airnorth,ANO,TL,Australia,TOPEND
Andes Lineas Aereas,ANS,,Argentina,AEROANDES
Air North Charter - Canada,ANT,4N,Canada,AIR NORTH
AOM French Airlines,AOM,IW,France,French Lines
Air New Zealand,ANZ,NZ,New Zealand,NEW ZEALAND
AVCOM,AOC,J6,Russia,AERO AVCOM
Aero VIP,AOG,2D,Argentina,AVIP
Aeroenlaces Nacionales,VIV,,Mexico,AEROENLACES
Air Vegas,VGA,6V,United States,AIR VEGAS
Alitalia Express,SMX,XM,Italy,ALIEXPRESS
Asia Overnight Express,AOT,OE,Philippines,ASIA OVERNIGHT
Amapola Flyg AB,APF,,Sweden,AMAPOLA
Air People International,APG,,Thailand,AIR PEOPLE
Alpha Aviation,APH,,AIRFLIGHT,Inc.
Air Print,APJ,,AIR PRINT,S.A.
Atlantic Airlines,BJK,,United States,BLACKJACK
Aero Flight,ARF,GV,Germany,Aero Fox
All Charter Limited,BLA,,United Kingdom,ALL CHARTER
Arrow Air,APW,JW,United States,BIG A
Arik Air,ARA,W3,Nigeria,ARIK AIR
Aerocondor,ARD,2B,Portugal,AEROCONDOR
Aires,ARE,4C,S.A.,Aerovias de Integracion Regional
Aerolineas Argentinas,ARG,AR,Argentina,ARGENTINA
Airlec - Air Aquitaine Transport,ARL,,France,AIRLEC
Air Armenia,ARR,QN,Armenia,AIR ARMENIA
Aerotal Aerolineas Territoriales de Colombia Ltda,ART,,Colombia,AEROTAL
Air Resorts,ARZ,,United States,AIR RESORTS
Alaska Airlines,ASA,AS,ALASKA,Inc.
Air Sinai,ASD,4D,Egypt,AIR SINAI
Airstars,ASE,PL,Russia,MOROZOV
Airsprint,ASP,,Canada,AIRSPRINT
Atlantic Southeast Airlines,ASQ,EV,United States,ACEY
Astravia-Bissau Air Transports Ltd.,ASV,,Guinea-Bissau,ASTRAVIA
Astrakhan Airlines,ASZ,OB,Russia,AIR ASTRAKHAN
Air Tanzania,ATC,TC,Tanzania,TANZANIA
Aerotrans Airline,ATG,,Kazakhstan,BACHYT
Air Burkina,VBW,2J,Burkina Faso,BURKINA
Aero-Tropics Air Services,ATI,HC,Australia,
Airlines Of Tasmania,ATM,FO,Australia,AIRTAS
Air Saint Pierre,SPM,PJ,France,
Air Transport International,ATN,8C,United States,AIR TRANSPORT
Atlas Airlines,ATR,,United States,ATLAS-AIR
Austrian Airlines,AUA,OS,Austria,AUSTRIAN
Augsburg Airways,AUB,IQ,Germany,AUGSBURG-AIR
Aviastar-Tu,TUP,,Russia,TUPOLEVAIR
AirBridge Cargo,ABW,RU,Russia,AIRBRIDGE CARGO
Abu Dhabi Amiri Flight,AUH,MO,United Arab Emirates,SULTAN
Aeroflot-Nord,AUL,5N,Russia,DVINA
Aurigny Air Services,AUR,GR,United Kingdom,AYLINE
Aus-Air,AUS,NO,Australia,
Austral Lineas Aereas,AUT,AU,Argentina,AUSTRAL
Aurora Aviation,AUU,,AURORA AIR,Inc.
Australian Airlines,AUZ,AO,Australia,AUSTRALIAN
Avianca - Aerovias Nacionales de Colombia,AVA,AV,AVIANCA,S.A.
Aviation Beaufort,AVB,,United Kingdom,BEAUPAIR
Avia Traffic Company,AVJ,,Kyrgyzstan,ATOMIC
Air Vanuatu,AVN,NF,Vanuatu,AIR VAN
Active Aero Charter,AVR,,ACTIVE AERO,Inc.
Airlink Zambia,ZAK,K8,Zambia,
Airbus Transport International,BGA,,France,BELOUGA
Air Bangladesh,BGD,B9,Bangladesh,AIR BANGLA
Aviodetachment-28,BGF,,Bulgaria,BULGARIAN
Air Mediterranee,BIE,DR,France,MEDITERRANEE
Swaziland Airlink,SZL,,Swaziland,SWAZILINK
Air Moorea,TAH,,France,AIR MOOREA
Airways International,AWB,,AIRNAT,Inc.
Airwork,AWK,,New Zealand,AIRWORK
Air West,AWT,,Canada,AIR WEST
Aeroline GmbH,AWU,7E,Germany,SYLT-AIR
Air Wales,AWW,6G,United Kingdom,RED DRAGON
Air Caraïbes,FWI,TX,France,FRENCH WEST
Air India Express,AXB,IX,India,EXPRESS INDIA
Asian Express Airlines,AXF,HJ,Australia,FREIGHTEXPRESS
Air Exel,AXL,XT,Netherlands,EXEL COMMUTER
AirAsia,AXM,AK,Malaysia,ASIAN EXPRESS
Aerolineas Bonanza,BNZ,,Mexico,AERO BONANZA
Axis Airways,AXY,6V,France,AXIS
Atlant-Soyuz Airlines,AYZ,3G,Russia,ATLANT-SOYUZ
Alitalia,AZA,AZ,Italy,ALITALIA
Azamat,AZB,,Kazakhstan,TUMARA
Arcus-Air Logistic,AZE,ZE,Germany,ARCUS AIR
Air Zermatt AG,AZF,,Switzerland,AIR ZERMATT
Amaszonas,AZN,Z8,Bolivia,
Arizona Pacific Airways,AZP,,United States,ARIZONA PACIFIC
Aviacon Zitotrans Air Company,AZS,,Russia,ZITOTRANS
Azov Avia Airlines,AZV,,Ukraine,AZOV AVIA
Air Zimbabwe,AZW,UM,Zimbabwe,AIR ZIMBABWE
Air Memphis,MHS,,Egypt,AIR MEMPHIS
Arizona Airways,AZY,,ARIZAIR,Inc.
Azza Transport,AZZ,,Sudan,AZZA TRANSPORT
Aserca Airlines,OCA,R7,Venezuela,AROSCA
Aero Nova,OVA,,Spain,AERONOVA
Amira Air,XPE,,Austria,EXPERT
Air Libya Tibesti,TLR,,Libya,AIR LIBYA
Rossiya-Russian Airlines,SDM,FV,Russia,PULKOVO
Air Pullmantur,PLM,,Spain,PULLMANTUR
Aviaexpress,AEH,RX,Hungary,Avex
Aviateca,GUG,,Guatemala,AVIATECA
American Eagle Airlines,EGF,MQ,United States,EAGLE FLIGHT
Aeropuelche,PUE,,Chile,PUELCHE
Azzurra Air,AZI,,Italy,AZZURRA
Aeronaves TSM,VTM,,Mexico,AERONAVES TSM
Air Ivoire,VUN,VU,Ivory Coast,AIRIVOIRE
Air Botswana,BOT,BP,Botswana,BOTSWANA
Air Foyle,UPA,GS,United Kingdom,FOYLE
Air Tahiti,VTA,VT,French Polynesia,AIR TAHITI
Air Urga,URG,3N,Ukraine,URGA
Air VIA,VIM,VL,Bulgaria,
Africa West,WTA,FK,Togo,WEST TOGO
Avirex,VXG,G2,Gabon,AVIREX-GABON
ATRAN Cargo Airlines,VAS,V8,Russian Federation,ATRAN
Avensa,AVE,VE,Venezuela,Avensa
Avolar Aerolineas,VLI,V5,Mexico,AEROVOLAR
Aviostart AS,VSR,,Bulgaria,AVIOSTART
Air Caraibes Atlantique,CAJ,,France,CAR LINE
Air China Cargo,CAO,,China,AIRCHINA FREIGHT
Air China,CCA,CA,China,AIR CHINA
Aero Condor Peru,CDP,Q6,Peru,CONDOR-PERU
Aerofan,CFF,,Spain,AEROFAN
Aero Calafia,CFV,,Mexico,CALAFIA
Arctic Circle Air Service,CIR,5F,United States,AIR ARCTIC
Aero Continente Dominicana,CND,,Dominican Republic,CONDOMINICANA
Air Corridor,CRD,QC,Mozambique,AIR CORRIDOR
Air Central,CRF,NV,Japan,AIR CENTRAL
Air Creebec,CRQ,,Canada,CREE
Aero Charter and Transport,CTA,,United States,CHAR-TRAN
Air Chathams,CVA,CV,New Zealand,CHATHAM
Air Marshall Islands,CWM,CW,Marshall Islands,AIR MARSHALLS
Air One Cityliner,CYL,,Italy,CITYLINER
Access Air,CYD,ZA,United States,CYCLONE
Air Algerie,DAH,AH,Algeria,AIR ALGERIE
Aerovias DAP,DAP,,Chile,DAP
Adam Air,DHI,KI,Indonesia,ADAM SKY
Astar Air Cargo,DHL,ER,United States,DAHL
Antinea Airlines,DJA,HO,Algeria,ANTINEA
Air Dolomiti,DLA,EN,Italy,DOLOMOTI
Aerotaxis Dosmil,DML,,Mexico,
Aeroflot-Don,DNV,D9,Russia,DONAVIA
Air Madrid,DRD,NM,Spain,ALADA AIR
Aero Airlines,EAY,EE,Estonia,REVAL
Air City,ECE,4F,Germany,AIRCITY
Aer Lingus,EIN,EI,Ireland,SHAMROCK
Alpi Eagles,ELG,E8,Italy,ALPI EAGLES
Shenzhen Donghai Airlines,EPA,,China,DONGHAI AIR
Aeronaves Del Noroeste,ENW,,Spain,AERONOR
Air S,EQL,KY,Air S,EQUATORIAL
Aeronautica Le Esperanza,ESZ,,Mexico,ESPERANZA
ATTICO,ETC,,Sudan,TRANATTICO
Air Atlanta Europe,EUK,,United Kingdom,SNOWBIRD
Air Evex,EVE,,Germany,SUNBEAM
Air Fiji,FAJ,PC,Fiji,FIJIAIR
African Airlines,FDA,,Mali,AIR SANKORE
Air Finland,FIF,OF,Finland,AIR FINLAND
Airfix Aviation,FIX,,Finland,AIRFIX
Air Pacific,FJI,FJ,Fiji,PACIFIC
Atlantic Airways,FLI,RC,Faroe Islands,FAROELINE
Air Florida,FLZ,QH,United States,AIR FLORIDA
African Company Airlines,FPY,,Democratic Republic of the Congo,AFRICOMPANY
Air Iceland,FXI,NY,Iceland,FAXI
Air Philippines,GAP,2P,Philippines,ORIENT PACIFIC
Air Georgian,GGN,ZX,Canada,GEORGIAN
Air Ghana,GHN,,Ghana,AIR GHANA
Air Guinee Express,GIP,2U,Guinea,FUTURE EXPRESS
Aeroservicios Gama,GMS,,Mexico,SERVICIOS GAMA
Amber Air,GNT,0A,Lithuania,GINTA
Alberta Government,GOA,,Canada,ALBERTA
Air Georgia,GRG,DA,Georgia,AIR GEORGIA
Air Greenland,GRL,GL,Denmark,GREENLAND
Allegro,GRO,LL,Mexico,ALLEGRO
Aircompany Grodno,GRX,,Belarus,GRODNO
Atlas Air,GTI,5Y,United States,GIANT
Air Guyane,GUY,GG,French Guiana,GREEN BIRD
Air D'Ayiti,HAD,H9,Haiti,HAITI AVIA
Air Comores International,HAH,GG,Comoros,AIR COMORES
Air Taxi,HAT,,France,TAXI BIRD
Airlink Airways,HYR,,Ireland,HIGHFLYER
Air Horizon,HZT,8C,Togo,HORIZON TOGO
AC Insat-Aero,IAE,,Russia,
Air Bagan,JAB,W9,Myanmar,AIR BAGAN
Alexandair,JMR,,Canada,ALEXANDAIR
Atyrau Air Ways,JOL,IP,Kazakhstan,EDIL
Air Canada Jazz,JZA,QK,Canada,JAZZ
Atlasjet,KKK,KK,Turkey,ATLASJET
Air Koryo,KOR,JS,Democratic People's Republic of Korea,AIR KORYO
AeroSucre,KRE,,Colombia,AEROSUCRE
Air Astana,KZR,KC,Kazakhstan,ASTANALINE
Albanian Airlines,LBC,LV,Albania,ALBANIAN
Alidaunia,LID,D4,Italy,ALIDA
Alliance Air,LLR,CD,India,ALLIED
Aerolane,LNE,XL,Ecuador,LAN ECUADOR
Airlink,LNK,,South Africa,LINK
Air Alps Aviation,LPV,A6,Austria,ALPAV
Atlantis European Airways,LUR,TD,Armenia,
Air Luxor GB,LXG,L8,Guinea-Bissau,LUXOR GOLF
Air Luxor,LXR,LK,Portugal,AIRLUXOR
Air Mauritius,MAU,MK,Mauritius,AIRMAURITIUS
Air Manas,MBB,,Kyrgyzstan,AIR MANAS
Air Medical,MCD,,United Kingdom,AIR MED
Air Madagascar,MDG,MD,Madagascar,AIR MADAGASCAR
Asia Pacific Airlines,MGE,,United States,MAGELLAN
Air Moldova,MLD,9U,Moldova,AIR MOLDOVA
Air Madeleine,MLN,,Canada,AIR MADELEINE
Air Alsie,MMD,,Denmark,MERMAID
Aviation Company Meridian,MMM,,Russia,AVIAMERIDIAN
Aerolineas Amanecer,MNE,,Mexico,AEROAMANECER
Aero Mongolia,MNG,M0,Mongolia,AERO MONGOLIA
Air Plus Comet,MPD,A7,Spain,RED COMET
Aeromexpress,MPX,QO,Mexico,AEROMEXPRESS
Air ITM,MQT,,France,MUSKETEER
Air Mauritanie,MRT,MR,Mauritania,MIKE ROMEO
Air Cairo,MSC,,Egypt,
Albarka Air,NBK,F4,Nigeria,AL-AIR
Aero Contractors,NIG,AJ,Nigeria,AEROLINE
Atlantic Airlines,NPT,,United Kingdom,NEPTUNE
Atlantic Richfield Company,NRS,,United States,NORTH SLOPE
Air Burundi,PBU,8Y,Burundi,AIR-BURUNDI
Aeropelican Air Services,PEL,OT,Australia,PELICAN
Air Paradise International,PRZ,AD,Indonesia,RADISAIR
Air Class Lineas Aereas,QCL,QD,Uruguay,ACLA
African Safari Airways,QSC,QS,Kenya,ZEBRA
Airbus France,RBU,4Y,France,AIRBUS FRANCE
Air Mobility Command,RCH,MC,United States,REACH
Aer Arann,REA,RE,Ireland,AER ARANN
Air Austral,REU,UU,France,REUNION
Aerotransportes Rafilher,RFD,,Mexico,RAFHILER
Asian Spirit,RIT,6K,Philippines,ASIAN SPIRIT
Air Afrique,RKA,RK,Ivory Coast,AIRAFRIC
Airlinair,RLA,A5,France,AIRLINAIR
Air Nelson,RLK,,New Zealand,
Aero Lanka,RLN,QL,Sri Lanka,AERO LANKA
Armenian International Airways,RML,MV,Armenia,
Air Salone,RNE,20,Sierra Leone,AIR SALONE
Armavia,RNV,U8,Armenia,ARMAVIA
Avior Airlines,ROI,,Venezuela,AVIOR
Aeromar,ROM,BQ,Dominican Republic,BRAVO QUEBEC
AeroRep,RPB,P5,Colombia,AEROREPUBLICA
Aerolineas Del Pacifico,RPC,,Ecuador,AEROPACSA
Aerolineas Ejecutivas Tarascas,RSC,,Mexico,TARASCAS
Aero-Service,RSR,BF,Republic of the Congo,CONGOSERV
Aerosur,RSU,5L,Bolivia,AEROSUR
ACT Havayollari,RUN,,Turkey,CARGO TURK
Air VIP,RVP,,Portugal,AEROVIP
Air Santo Domingo,SDO,EX,Dominican Republic,AERO DOMINGO
Aero California,SER,JR,Mexico,AEROCALIFORNIA
Airshare Holdings,SHH,,United Kingdom,AIRSHARE
Aero-North Aviation Services,SKP,,Canada,SKIPPER
Avient Aviation,SMJ,Z3,Zimbabwe,AVAVIA
Air Service,SPJ,M3,Macedonia,AIR SKOPJE
Aeropac,STK,,United States,SAT PAK
Air St. Thomas,STT,,United States,PARADISE
Air Slovakia,SVK,GM,Slovakia,SLOVAKIA
Aircompany Yakutia,SYL,R3,Russia,AIR YAKUTIA
Aeromar,TAO,VW,Mexico,TRANS-AEROMAR
Air Turks and Caicos,TCI,JY,Turks and Caicos Islands,KERRMONT
Arkefly,TFL,OR,Netherlands,ARKEFLY
Atlantique Air Assistance,TLB,,France,TRIPLE-A
Airlines PNG,TOK,CG,Papua New Guinea,BALUS
Aero Tanala,TON,,Mexico,AEROTANALA
Air Cal,TPC,TY,France,AIRCAL
AirTran Airways,TRS,FL,United States,CITRUS
Air Transat,TSC,TS,Canada,TRANSAT
Avialeasing Aviation Company,TWN,EC,Uzbekistan,TWINARROW
Tyrolean Airways,TYR,VO,Austria,TYROLEAN
Afra Airlines,UAG,,Ghana,AFRALINE
Aerostar Airlines,UAR,,Ukraine,AEROSTAR
Aero-Charter Ukraine,UCR,DW,Ukraine,CHARTER UKRAINE
Air Ukraine,UKR,6U,Ukraine,AIR UKRAINE
Aerolineas Galapagos (Aerogal),GLG,2K,Ecuador,AEROGAL
Alrosa Mirny Air Enterprise,DRU,6R,Russia,MIRNY
Bahrain Air BSC (Closed),BAB,,Bahrain,AWAL
BAE Systems,BAE,,United Kingdom,FELIX
Baker Aviation,BAJ,8Q,United States,BAKER AVIATION
Business Air Services,BAM,,Canada,BUSINESS AIR
Bradly Air (Charter) Services,BAR,,Canada,BRADLEY
Bay Aviation Ltd,BAV,,Bangladesh,BAY AIR
British Airways,BAW,BA,United Kingdom,SPEEDBIRD
Best Aero Handling Ltd,BAX,,Russia,
Bayon Airlines,BAY,,Cambodia,BAYON
Biman Bangladesh Airlines,BBC,BG,Bangladesh,BANGLADESH
Bluebird Cargo,BBD,BF,Iceland,BLUE CARGO
BACH Flugbetriebsges,BCF,B4,Austria,BACH
Blue Islands,BCI,,United Kingdom,BLUE ISLAND
BCT Aviation,BCT,,United Kingdom,BOBCAT
Business Aviation Center,BCV,,Ukraine,BUSINESS AVIATION
Blue Dart Aviation,BDA,BZ,India,BLUE DART
B&H Airlines,BON,JA,Bosnia and Herzegovina,Air Bosna
Badr Airlines,BDR,,Sudan,BADR AIR
Berkut Air,BEK,,Kazakhstan,BERKUT
Bear Flight,BFG,,Sweden,BEARFLIGHT
Buffalo Airways,BFL,J4,Canada,BUFFALO
BH Air,BGH,,Bulgaria,BALKAN HOLIDAYS
Benin Golf Air,BGL,A8,Benin,BENIN GOLF
Bugulma Air Enterprise,BGM,,Russia,BUGAVIA
Buddha Air,BHA,,Nepal,BUDDHA AIR
Belair Airlines,BHP,4T,Switzerland,BELAIR
Bahamasair,BHS,UP,Bahamas,BAHAMAS
Bright Air,BHT,,Netherlands,BRIGHTAIR
British International Helicopters,BIH,BS,United Kingdom,BRINTEL
Bankair,BKA,B4,United States,BANKAIR
Bangkok Airways,BKP,PG,Thailand,BANGKOK AIR
Blue Line,BLE,,France,BLUE BERRY
Blue1,BLF,KF,Finland,BLUEFIN
Bearskin Lake Air Service,BLS,JV,Canada,BEARSKIN
Bellview Airlines,BLV,B3,Nigeria,BELLVIEW AIRLINES
bmi,BMA,BD,United Kingdom,MIDLAND
bmibaby,BMI,WW,United Kingdom,BABY
Bemidji Airlines,BMJ,CH,United States,BEMIDJI
Bismillah Airlines,BML,5Z,Bangladesh,BISMILLAH
Blue Nile Ethiopia Trading,BNL,,Ethiopia,NILE TRADING
Boniair,BOA,,Macedonia,KUMANOVO
Bookajet Limited,BOO,,United Kingdom,BOOKAJET
Bouraq Indonesia Airlines,BOU,BO,Indonesia,BOURAQ
Blue Panorama Airlines,BPA,BV,Italy,BLUE PANOROMA
Budapest Aircraft Services/Manx2,BPS,,Hungary,BASE
BRA-Transportes Aereos,BRB,7R,Brazil,BRA-TRANSPAEREOS
Bering Air,BRG,8E,United States,BERING AIR
Belavia Belarusian Airlines,BRU,B2,Belarus,BELARUS AVIA
Bravo Air Congo,BRV,K6,Democratic Republic of the Congo,BRAVO
Braniff International Airways,BNF,BN,United States,Braniff
Buffalo Express Airlines,BRX,,United States,BUFF EXPRESS
Big Sky Airlines,BSY,GQ,United States,BIG SKY
BAL Bashkirian Airlines,BTC,V9,Russia,BASHKIRIAN
Baltyka,BTK,,Ukraine,BALTYKA
Business Express,GAA,,United States,BIZEX
Metro Batavia,BTV,7P,Indonesia,BATAVIA
Bulgarian Air Charter,BUC,,Bulgaria,BULGARIAN CHARTER
Baron Aviation Services,BVN,,United States,SHOW-ME
Berjaya Air,BVT,J8,Malaysia,BERJAYA
Blue Wings,BWG,QW,Germany,BLUE WINGS
Bayu Indonesia Air,BYE,BM,Indonesia,BAYU
Brit Air,BZH,DB,France,BRITAIR
Boston-Maine Airways,CXS,E9,United States,CLIPPER CONNECTION
Brussels Airlines,DAT,SN,Belgium,BEE-LINE
Baltimore Airways,EAH,,United States,EASTERN
Business Express Delivery,EXP,,Canada,EXPRESS AIR
Binter Canarias,IBB,NT,Spain,
Blue Air,JOR,0B,Romania,BLUE TRANSPORT
British Mediterranean Airways,LAJ,KJ,United Kingdom,BEE MED
Belle Air,LBY,,Albania,ALBAN-BELLE
Bulgaria Air,LZB,FB,Bulgaria,FLYING BULGARIA
Barents AirLink,NKF,8N,Sweden,NORDFLIGHT
British Airways Shuttle,SHT,,United Kingdom,SHUTTLE
British Airways,XMS,,United Kingdom,SANTA
C N Air,ORO,,Spain,CAPRI
CAL Cargo Air Lines,ICL,5C,Israel,CAL
CHC Airways,SCH,AW,Netherlands,
CSA Air,IRO,,United States,IRON AIR
Calima Aviacion,CLI,XG,Spain,CALIMA
Calm Air,CAV,MO,Canada,CALM AIR
Camai Air,CAM,R9,United States,AIR CAMAI
Cameroon Airlines,UYC,UY,Cameroon,CAM-AIR
CanJet,CJA,C6,Canada,CANJET
Canadian Airlines,CDN,CP,Canada,CANADIAN
Canadian North,MPE,5T,Canada,EMPRESS
Canadian Western Airlines,CWA,W2,Canada,CANADIAN WESTERN
Cape Air,KAP,9K,United States,CAIR
Capital Cargo International Airlines,CCI,PT,United States,CAPPY
Capital Trading Aviation,EGL,,United Kingdom,PRESTIGE
Cardiff Wales Flying Club,CWN,,United Kingdom,CAMBRIAN
Cardolaar,GOL,,Namibia,CARGOLAAR
Care Flight,CFH,,Australia,CARE FLIGHT
Carga Express Internacional,EST,,Mexico,CARGAINTER
Cargo 360,GGC,GG,United States,LONG-HAUL
Cargoitalia,CRG,2G,Italy,WHITE PELICAN
Cargojet Airways,CJT,W8,Canada,CARGOJET
Cargolux,CLX,CV,Luxembourg,CARGOLUX
Caribbean Airlines,BWA,BW,Trinidad and Tobago,CARIBBEAN AIRLINES
Caribbean Star Airlines,GFI,8B,Antigua and Barbuda,CARIB STAR
Carpatair,KRP,V3,Romania,CARPATAIR
Carroll Air Service,ULS,,United States,ULSTER
Caspian Airlines,CPN,RV,Iran,CASPIAN
Castle Aviation,CSJ,,United States,CASTLE
Cathay Pacific,CPA,CX,Hong Kong SAR of China,CATHAY
Cayman Airways,CAY,KX,Cayman Islands,CAYMAN
Cebu Pacific,CEB,5J,Philippines,CEBU AIR
Centavia,CNA,7N,Serbia,
Center-South,CTS,,Russia,CENTER-SOUTH
Central Airlines,CTL,,United States,CENTRAL COMMUTER
Central American Airlines,ACN,,Nicaragua,AEROCENTRO
Central Connect Airlines,CCG,,Czech Republic,
Central European Airlines,CMA,,Czech Republic,EUROCENTRAL
Central Mountain Air,GLR,,Canada,GLACIER
Centralwings,CLW,C0,Poland,CENTRALWINGS
Centre of Applied Geodynamica,CGS,,Russia,GEO CENTRE
Centre-Avia,CVC,J7,Russia,AVIACENTRE
Centurion Air Cargo,CWC,WE,United States,CHALLENGE CARGO
Chalair Aviation,CLG,,France,CHALLAIR
Chalk's Ocean Airways,CHK,OP,United States,CHALKS
AC Challenge Aero,CHG,,Ukraine,SKY CHALLENGER
Champion Air,CCP,MG,United States,CHAMPION AIR
Changan Airlines,CGN,2Z,China,CHANGAN
Chari Aviation Services,CSU,S8,Chad,CHARI SERVICE
Chautauqua Airlines,CHQ,RP,United States,CHAUTAUQUA
Chicago Express,WDY,C8,United States,WINDY CITY
China Airlines,CAL,CI,Taiwan,DYNASTY
China Cargo Airlines,CKK,CK,China,CARGO KING
China Eastern Airlines,CES,MU,China,CHINA EASTERN
China Express Airlines,HXA,,China,CHINA EXPRESS
China Northern Airlines,CBF,CJ,China,CHINA NORTHERN
China Northwest Airlines,CNW,WH,China,CHINA NORTHWEST
China Postal Airlines,CYZ,8Y,China,CHINA POST
China Southern Airlines,CSN,CZ,China,CHINA SOUTHERN
China United Airlines,CUA,HR,China,LIANHANG
China Xinhua Airlines,CXH,XO,China,XINHUA
Yunnan Airlines,CYH,3Q,China,YUNNAN
Chitaavia,CHF,X7,Russia,CHITA
Cielos Airlines,CIU,A2,Peru,CIELOS
Cimber Air,CIM,QI,Denmark,CIMBER
Cirrus Airlines,RUS,C9,Germany,CIRRUS AIR
Cirrus Middle East,JTI,,Lebanon,
City Airline,SDR,CF,Sweden,SWEDESTAR
City Connexion Airlines,CIX,G3,Burundi,CONNEXION
CityJet,BCY,WX,Ireland,CITY-IRELAND
BA CityFlyer,CFE,CJ,United Kingdom,FLYER
Civil Air Transport,CAT,CT,Taiwan,Mandarin
Click Airways,CGK,,Kyrgyzstan,CLICK AIR
Club Air,ISG,6P,Italy,CLUBAIR
Coast Air,CST,BX,Norway,COAST CENTER
Colgan Air,CJC,9L,United States,COLGAN
Comair,COM,OH,United States,COMAIR
Comair,CAW,MN,South Africa,COMMERCIAL
Comlux Aviation,CLA,,Switzerland,COMLUX
Commandement Du Transport Aerien Militaire Francais,CTM,,France,COTAM
Commercial Aviation,CMS,,Canada,ACCESS
CommutAir,UCA,C5,United States,COMMUTAIR
Comores Airlines,CWK,KR,Comoros,CONTICOM
Compania De Actividades Y Servicios De Aviacion,LCT,,Spain,STELLAIR
Compania Mexicargo,MXC,GJ,Mexico,MEXICARGO
Company Flight,CYF,,Denmark,COMPANY FLIGHT
Compass Airlines,CPZ,CP,United States,Compass Rose
Conair Aviation,CRC,,Canada,CONAIR-CANADA
Condor Flugdienst,CFG,DE,Germany,CONDOR
Congressional Air,CGA,,United States,CONGRESSIONAL
Conquest Airlines,CAC,,United States,CONQUEST AIR
Consorcio Aviaxsa,CHP,6A,Mexico,AVIACSA
Contact Air,KIS,C3,Germany,CONTACTAIR
Continental Airlines,COA,CO,United States,CONTINENTAL
Continental Airways,PVV,PC,Russia,CONTAIR
Continental Micronesia,CMI,CS,United States,AIR MIKE
Continental Oil,CON,,United States,CONOCO
Conviasa,VCV,V0,Venezuela,CONVIASA
Copa Airlines,CMP,CM,Panama,COPA
Copenhagen Airtaxi,CAT,,Denmark,AIRCAT
Copterline,AAQ,,Finland,COPTERLINE
Corendon Airlines,CAI,,Turkey,CORENDON
Corporate Air,CPT,,United States,AIR SPUR
Corporate Airlink,COO,,Canada,CORPORATE
Corporate Flight Management,VTE,,United States,VOLUNTEER
Corsairfly,CRL,SS,France,CORSAIR
Corse-Mediterranee,CCM,XK,France,CORSICA
Cosmic Air,COZ,F5,Nepal,COSMIC AIR
Coyne Aviation,COY,,United Kingdom,COYNE AIR
Croatia Airlines,CTN,OU,Croatia,CROATIA
Crossair Europe,ECC,QE,Switzerland,Cigogne
Cryderman Air Service,CTY,,United States,CENTURY
Cubana de Aviación,CUB,CU,Cuba,CUBANA
Cygnus Air,RGN,,Spain,CYGNUS AIR
Cyprus Airways,CYP,CY,Cyprus,CYPRUS
Czech Airlines,CSA,OK,Czech Republic,CSA-LINES
DFS UK Limited,VLF,,United Kingdom,VOLANTE
DAS Air Cargo,DSR,WD,Uganda,DAIRAIR
DAT Danish Air Transport,DTR,DX,Denmark,DANISH
DAT Enterprise Limited,ENT,,United Kingdom,DATENT
DHL Aero Expreso,DAE,,Panama,YELLOW
DHL Air,DHK,,United Kingdom,WORLD EXPRESS
DHL International,DHX,ES,Bahrain,DILMUN
DHL de Guatemala,JOS,L3,Guatemala,
Daallo Airlines,DAO,D3,Djibouti,DALO AIRLINES
Dagestan Airlines,DAG,N2,Russia,DAGAL
Dahla Airlines,DHA,,Democratic Republic of Congo,
Dalavia,KHB,H8,Russia,DALAVIA
Danu Oro Transportas,DNU,,Lithuania,DANU
Darwin Airline,DWT,0D,Switzerland,DARWIN
Dasnair,DGX,,Switzerland,DASNA
Dauair,DAU,D5,Germany,DAUAIR
Delta Air Lines,DAL,DL,United States,DELTA
Denver Jet,DJT,,United States,DENVER JET
Deutsche Rettungsflugwacht,AMB,1I,Germany,CIVIL AIR AMBULANCE
Dinar,RDN,D7,Argentina,AERO DINAR
Dirgantara Air Service,DIR,AW,Indonesia,DIRGANTARA
Discovery Airways,DVA,DH,United States,DISCOVERY AIRWAYS
Djibouti Airlines,DJB,D8,Djibouti,DJIBOUTI AIR
Dniproavia,UDN,,Ukraine,DNIEPRO
Dominicana de Aviaci,DOA,DO,Dominican Republic,DOMINICANA
Domodedovo Airlines,DMO,E3,Russia,DOMODEDOVO
DonbassAero,UDC,5D,Ukraine,DONBASS AERO
Dragonair,HDA,KA,DRAGON,Hong Kong Dragon Airlines
Druk Air,DRK,KB,Bhutan,ROYAL BHUTAN
Dubai Airwing,DUB,,United Arab Emirates,DUBAI
Dubrovnik Air,DBK,,Croatia,SEAGULL
dba,BAG,DI,Germany,SPEEDWAY
EUjet,EUJ,VE,Ireland,UNION JET
EVA Air,EVA,BR,Taiwan,EVA
East African,UGX,QU,Uganda,CRANE
East African Safari Air,HSA,S9,Kenya,DUMA
Eastern Airways,EZE,T3,United Kingdom,EASTFLIGHT
Eastern Australia Airlines,EAQ,,Australia,
Eastern Pacific Aviation,EPB,,Canada,EAST PAC
Eastland Air,ELA,DK,Australia,
Eastwind Airlines,SGR,W9,United States,STINGER
Edelweiss Air,EDW,WK,Switzerland,EDELWEISS
Egyptair,MSR,MS,Egypt,EGYPTAIR
Egyptair Cargo,MSX,,Egypt,EGYPTAIR CARGO
El Al Israel Airlines,ELY,LY,Israel,ELAL
El-Buraq Air Transport,BRQ,UZ,Libya,BURAQAIR
Elieuro,ELB,,Italy,ELILOBARDIA
Elite Air,EAI,,Togo,ELAIR
Emirates,UAE,EK,United Arab Emirates,EMIRATES
Empire Airlines,CFS,EM,United States,EMPIRE AIR
Empresa Ecuatoriana De Aviacion,EEA,EU,Ecuador,ECUATORIANA
Empresa Venezolana,VNE,,Venezuela,VENEZOLANA
Enkor JSC,ENK,G8,Russia]],ENKOR
Eos Airlines,ESS,E0,United States,NEW DAWN
Erfoto,ERF,,Portugal,ERFOTO
Eritrean Airlines,ERT,B8,Eritrea,ERITREAN
Escuela De Pilotos Are Aviacion,CTV,,Spain,ARE AVIACION
Estafeta Carga Aerea,ESF,E7,Mexico,
Estonian Air,ELL,OV,Estonia,ESTONIAN
Ethiopian Airlines,ETH,ET,Ethiopia,ETHIOPIAN
Etihad Airways,ETD,EY,United Arab Emirates,ETIHAD
EuroAtlantic Airways,MMZ,,Portugal,EUROATLANTIC
Eurocypria Airlines,ECA,UI,Cyprus,EUROCYPRIA
Eurofly,EEZ,,Italy,E-FLY
Eurofly Service,EEU,GJ,Italy,EUROFLY
Eurolot,ELO,K2,Poland,EUROLOT
Euromanx Airways,EMX,3W,Austria,EUROMANX
Europe Airpost,FPO,,France,FRENCH POST
European Aeronautical Group UK,EAG,,United Kingdom,
European Air Express,EAL,EA,Germany,STAR WING
European Air Transport,BCS,QY,Belgium,EUROTRANS
European Aviation Air Charter,EAF,E7,United Kingdom,EUROCHARTER
European Coastal Airlines,ECB,,Croatia,COASTAL CLIPPER
Eurowings,EWG,EW,Germany,EUROWINGS
Evergreen International Airlines,EIA,EZ,United States,EVERGREEN
Everts Air Alaska/Everts Air Cargo,VTS,,United States,EVERTS
Excel Airways,XLA,JN,United Kingdom,EXPO
Execair Aviation,EXA,MB,Canada,CANADIAN EXECAIRE
Executive Airlines,EXK,OW,United States,EXECUTIVE EAGLE
Executive Airlines,EXU,,Spain,SACAIR
Executive Flight,EXE,,United States,EXEC
Expo Aviation,EXV,8D,Sri Lanka,EXPOAVIA
Express One International,LHN,EO,United States,LONGHORN
ExpressJet,BTA,XE,United States,JET LINK
easyJet,EZY,U2,United Kingdom,EASY
NetJets,EJA,,United States,
Fab Air,FBA,,Kyrgyzstan,FAB AIR
Falcon Air Express,FAO,,United States,PANTHER
Far Eastern Air Transport,EFA,EF,Taiwan,Far Eastern
Farnair Hungary,FAH,,Hungary,BLUE STRIP
Farnair Switzerland,FAT,,Switzerland,FARNER
Faroejet,RCK,F6,Faroe Islands,ROCKROSE
Faso Airways,FSW,F3,Burkina Faso,FASO
Federal Air,FDR,,South Africa,FEDAIR
Federal Express,FDX,FX,United States,FEDEX
Fika Salaama Airlines,HGK,N8,Uganda,SALAAMA
Finalair Congo,FNC,4S,Republic of the Congo,FINALAIR CONGO
Finnair,FIN,AY,Finland,FINNAIR
Finncomm Airlines,WBA,FC,Finland,WESTBIRD
Firefly,FFM,FY,Malaysia,FIREFLY
First Air,FAB,7F,Canada,
First Choice Airways,FCA,DP,United Kingdom,JETSET
Fischer Air,FFR,8F,Czech Republic,FISCHER
Flair Airlines,FLE,,Canada,FLAIR
Flamenco Airways,WAF,,United States,FLAMENCO
Flexflight,FXT,,Denmark,
Flight Options,OPT,,United States,OPTIONS
Flight Trac,CCK,,United States,CABLE CHECK
Flightline,FLT,B5,United Kingdom,FLIGHTLINE
Florida Coastal Airlines,FCL,PA,United States,FLORIDA COASTAL
Florida West International Airways,FWL,RF,United States,FLO WEST
Fly Air,FLM,F2,Turkey,FLY WORLD
Fly Me Sweden,FLY,SH,Sweden,FLYBIRD
Fly Wex,IAD,,Italy,FLYWEX
AirAsia X,XAX,D7,Malaysia,XANADU
FlyLal,LIL,TE,Lithuania,LITHUANIA AIR
FlyNordic,NDC,LF,Sweden,NORDIC
Flybaboo,BBO,F7,Switzerland,BABOO
Flybe,BEE,BE,United Kingdom,JERSEY
Flyglobespan,GSM,B4,United Kingdom,GLOBESPAN
Flyhy Cargo Airlines,FYH,,Thailand,FLY HIGH
Flying Service,FYG,,Belgium,FLYING GROUP
Fonnafly,NOF,,Norway,FONNA
Formosa Airlines,FOS,VY,Taiwan,
Four Island Air,FIA,,Antigua and Barbuda,ISLANDAIR
Four Star Aviation / Four Star Cargo,FSC,HK,United States,FOUR STAR
Free Bird Airlines,FHY,,Turkey,FREE BIRD
Freedom Air,FRE,FP,United States,FREEDOM
Freedom Airways,FAS,,Cyprus,FREEDOM AIRWAYS
Freight Runners Express,FRG,,United States,FREIGHT RUNNERS
Aviation Legere De L'Armee De Terre,FMY,,France,FRENCH ARMY
Frontier Airlines,FFT,F9,United States,FRONTIER FLIGHT
Frontier Flying Service,FTA,2F,United States,FRONTIER-AIR
Futura International Airways,FUA,FH,Spain,FUTURA
GB Airways,GBL,GT,United Kingdom,GEEBEE AIRWAYS
Gain Jet Aviation,GNJ,,Greece,HERCULES JET
Galaxy Air,GAL,7O,Kyrgyzstan,GALAXY
Gambia International Airlines,GNR,GC,Gambia,GAMBIA INTERNATIONAL
Gandalf Airlines,GNF,G7,Italy,Gandalf
Garuda Indonesia,GIA,GA,Indonesia,INDONESIA
Gazpromavia,GZP,4G,Russia,GAZPROMAVIA
Gemini Air Cargo,GCO,GR,United States,GEMINI
General Aerospace,SWK,,Canada,SKYWALKER
General Aviation Flying Services,GTH,,United States,GOTHAM
Genex,GNX,,Belarus,
Georgian Airways,TGZ,A9,Georgia,TAMAZI
Georgian National Airlines,GFG,QB,Georgia,NATIONAL
German Air Force,GAF,,Germany,GERMAN AIR FORCE
Germania,GMI,ST,Germany,GERMANIA
Germanwings,GWI,4U,Germany,GERMAN WINGS
Gestair,GES,GP,Spain,GESTAIR
Gestar,GTR,,Chile,STAR GESTAR
Gestion Aerea Ajecutiva,GJT,,Spain,BANJET
Ghadames Air Transport,GHT,,Libya,
Ghana International Airlines,GHB,G0,Ghana,GHANA AIRLINES
Global Air Operations,GAG,,Comoros,GLOBAL AIRGROUP
Global Aviation Operations,GBB,,South Africa,GLOBE
Global Aviation and Services Group,GAK,,Libya,AVIAGROUP
Global Jet Austria,GLJ,,Austria,GLOBAL AUSTRIA
Go Air,GOW,G8,India,GOAIR
GoJet Airlines,GJS,G7,United States,GATEWAY
Gol Transportes Aéreos,GLO,G3,Brazil,GOL TRANSPORTE
Golden Air,GAO,DC,Sweden,GOLDEN
Gorkha Airlines,IKA,G1,Nepal,GORKHA AIRLINES
Grand Canyon Airlines,CVU,,United States,CANYON VIEW
Grant Aviation,GUN,GS,United States,HOOT
Great American Airways,GRA,,United States,GREAT AMERICAN
Great Lakes Airlines,GLA,ZK,United States,LAKES AIR
Great Wall Airlines,GWL,IJ,China,GREAT WALL
Grixona,GXA,,Moldova,GRIXONA
Grupo TACA,TAT,TA,Costa Rica,TACA-COSTARICA
Grupoaereo Monterrey,GMT,,Mexico,GRUPOMONTERREY
Guine Bissaur Airlines,BSR,G6,Guinea-Bissau,BISSAU AIRLINES
Guinee Airlines,GIF,J9,Guinea,GUINEE AIRLINES
Guizhou Airlines,CGH,,China,GUIZHOU
Gujarat Airways,GUJ,G8,India,GUJARATAIR
Gulf & Caribbean Cargo / Contract Air Cargo,TSU,,United States,TRANSAUTO
Gulf Air,GFA,,Oman,GULF AIR
Gulf Air Bahrain,GBA,GF,Bahrain,GULF BAHRAIN
Hageland Aviation Services,HAG,H6,United States,HAGELAND
Hahn Air,HHN,HR,Germany,ROOSTER
Hainan Airlines,CHH,HU,China,HAINAN
Haiti Ambassador Airlines,HAM,2T,Haiti,
Hamburg International,HHI,4R,Germany,HAMBURG JET
TUIfly,HLX,X3,Germany,YELLOW CAB
Hapagfly,HLF,HF,Germany,HAPAG LLOYD
Harbor Airlines,HAR,HB,United States,HARBOR
Harmony Airways,HMY,HQ,Canada,HARMONY
Hawaiian Airlines,HAL,HA,United States,HAWAIIAN
Heavylift Cargo Airlines,HVY,HN,Australia,HEAVY CARGO
Heli France,HFR,8H,France,HELIFRANCE
Helijet,JBA,JB,Canada,HELIJET
Helikopterservice Euro Air,SCO,,Sweden,SWEDCOPTER
Helios Airways,HCY,ZU,Cyprus,HELIOS
Heliservicio Campeche,HEC,,Mexico,HELICAMPECHE
Hellas Jet,HEJ,T4,Greece,HELLAS JET
Hello,FHE,HW,Switzerland,FLYHELLO
Helvetic Airways,OAW,2L,Switzerland,HELVETIC
Hemus Air,HMS,DU,Bulgaria,HEMUS AIR
Hewa Bora Airways,ALX,EO,Democratic Republic of the Congo,ALLCONGO
Hex'Air,HER,UD,France,HEX AIRLINE
Hi Fly,HFY,5K,Portugal,SKY FLYER
Hokkaido International Airlines,ADO,HD,Japan,AIR DO
Hola Airlines,HOA,H5,Spain,HOLA
Hong Kong Airlines,CRK,HX,Hong Kong SAR of China,BAUHINIA
Hong Kong Express Airways,HKE,UO,Hong Kong SAR of China,HONGKONG SHUTTLE
Horizon Air,QXE,QX,United States,HORIZON AIR
Horizon Airlines,HZA,BN,Australia,
Hydro-Québec,HYD,,Canada,HYDRO
IBC Airways,CSQ,II,United States,CHASQUI
IPM Europe,IPM,,United Kingdom,SHIPEX
Iberia Airlines,IBE,IB,Spain,IBERIA
Iberworld,IWD,TY,Spain,
Ibex Airlines,IBX,FW,Japan,IBEX
Icelandair,ICE,FI,Iceland,ICEAIR
Imair Airlines,ITX,IK,Azerbaijan,IMPROTEX
Imperial Airways,PNX,,United States,PHOENIX
Independence Air,IDE,DH,United States,INDEPENDENCE AIR
IndiGo Airlines,IGO,6E,India,IFLY
Indian Airlines,IAC,IC,India,INDAIR
Indigo,IBU,I9,United States,INDIGO BLUE
Indonesia AirAsia,AWQ,QZ,Indonesia,WAGON AIR
Indonesian Airlines,IAA,IO,Indonesia,INDO LINES
InteliJet Airways,IJT,IJ,Colombia,INTELIJET
Inter Islands Airlines,IIN,H4,Cape Verde,
Interair South Africa,ILN,D6,South Africa,INLINE
Interavia Airlines,SUW,ZA,Russia,ASTAIR
Intercontinental de Aviaci,ICT,RS,Colombia,CONTAVIA
Interflight,IFT,,United Kingdom,INTERFLIGHT
Interisland Airways Limited,IWY,,Turks and Caicos Islands,ISLANDWAYS
Interlink Airlines,ITK,ID,South Africa,INTERLINK
International Business Air,IBZ,6I,Sweden,INTERBIZ
Intersky,ISK,3L,Austria,INTERSKY
Interstate Airline,FWA,I4,Netherlands,FREEWAYAIR
Iran Air,IRA,IR,Iran,IRANAIR
Iran Aseman Airlines,IRC,EP,Iran,
Iranair Tours,IRB,,Iran,
Iraqi Airways,IAW,IA,Iraq,IRAQI
Island Aviation Services,DQA,,Maldives,
Island Express,SDY,2S,United States,SANDY ISLE
Cargo Plus Aviation,CGP,8L,United Arab Emirates,
Islas Airways,ISW,IF,Spain,PINTADERA
Islena De Inversiones,ISV,WC,Honduras,
Isles of Scilly Skybus,IOS,,United Kingdom,SCILLONIA
Israir,ISR,6H,Israel,ISRAIR
Itali Airlines,ACL,9X,Italy,ITALI
Itek Air,IKA,GI,Kyrgyzstan,ITEK-AIR
Izair,IZM,H9,Turkey,IZMIR
Izhavia,IZA,,Russia,IZHAVIA
J-Air,JLJ,,Japan,J AIR
JAL Express,JEX,JC,Japan,JANEX
JALways,JAZ,JO,Japan,JALWAYS
JM Family Aviation,TQM,,United States,TACOMA
JS Aviation,JES,,Mexico,JAY-ESS AVIATION
Japan Airlines,JAL,JL,Japan,JAPANAIR
Japan Airlines Domestic,JAL,JL,Japan,J-BIRD
Japan Asia Airways,JAA,EG,Japan,ASIA
Japan Transocean Air,JTA,NU,Japan,JAI OCEAN
Jat Airways,JAT,JU,Serbia,JAT
Jatayu Airlines,JTY,VJ,Indonesia,JATAYU
Jazeera Airways,JZR,J9,Kuwait,JAZEERA
Jeju Air,JJA,7C,Republic of Korea,JEJU AIR
Jet Airways,JAI,9W,India,JET AIRWAYS
Jet Aviation,PJS,,Switzerland,JETAVIATION
Jetstar Asia Airways,JSA,3K,Singapore,JETSTAR ASIA
Jet2.com,EXS,LS,United Kingdom,CHANNEX
Jet4You,JFU,8J,Morocco,ARGAN
JetBlue Airways,JBU,B6,United States,JETBLUE
Jetairfly,JAF,JF,Belgium,BEAUTY
Jetall Holdings,JTL,,Canada,FIREFLY
Jetclub,JCS,0J,Switzerland,JETCLUB
Jetcraft Aviation,JCC,,Australia,JETCRAFT
Jetflite,JEF,,Finland,JETFLITE
JetsGo,JGO,SG,Canada,JETSGO
Jetstar Airways,JST,JQ,Australia,JETSTAR
Jett8 Airlines Cargo,JEC,JX,Singapore,
Jettrain Corporation,JTN,,United States,JETTRAIN
Jetx Airlines,JXX,GX,Iceland,JETBIRD
Job Air,JBR,,Czech Republic,JOBAIR
Johnsons Air,JON,,Ghana,JOHNSONSAIR
Joint Military Commission,JMM,,Sudan,JOICOMAR
Jordan Aviation,JAV,R5,Jordan,JORDAN AVIATION
Juneyao Airlines,DKH,HO,China,JUNEYAO AIRLINES
K-Mile Air,KMI,,Thailand,KAY-MILE AIR
KD Avia,KNI,KD,Russia,KALININGRAD AIR
KLM Cityhopper,KLC,WA,Netherlands,CITY
KLM Royal Dutch Airlines,KLM,KL,Netherlands,KLM
Kabo Air,QNK,N2,Nigeria,KABO
Kaiser Air,KAI,,United States,KAISER
Kalitta Air,CKS,K4,United States,CONNIE
Kalitta Charters,KFS,,United States,KALITTA
Kam Air,KMF,RQ,Afghanistan,KAMGAR
Kampuchea Airlines,KMP,E2,Cambodia,KAMPUCHEA
Karat,AKT,V2,Russia,AVIAKARAT
Kavminvodyavia,MVD,KV,Russia,AIR MINVODY
Kazaviaspas,KZS,,Kazakhstan,SPAKAZ
Kelowna Flightcraft Air Charter,KFA,,Canada,FLIGHTCRAFT
Kenmore Air,KEN,M5,United States,KENMORE
Kenya Airways,KQA,KQ,Kenya,KENYA
Key Lime Air,LYM,,United States,KEY LIME
Keystone Air Services,KEE,BZ,Canada,KEYSTONE
Kingfisher Air Services,BEZ,,United States,SEA BREEZE
Kingfisher Airlines,KFR,IT,India,KINGFISHER
Kish Air,IRK,Y9,Iran,KISHAIR
Kiwi International Air Lines,KIA,KP,United States,KIWI AIR
Knight Air,KNA,,Canada,KNIGHTAIR
Kogalymavia Air Company,KGL,7K,Russia,KOGALYM
Komiaviatrans State Air Enterprise,KMA,,Russia,KOMI AVIA
Komiinteravia,KMV,8J,Russia,KOMIINTER
Korean Air,KAL,KE,Republic of Korea,KOREANAIR
Krasnojarsky Airlines,KJC,7B,Russia,KRASNOJARSKY AIR
Krylo Airlines,KRI,K9,Russia,Krylo
Kuban Airlines,KIL,GW,Russia,AIR KUBAN
Kunpeng Airlines,KPA,VD,China,KUNPENG
Kuwait Airways,KAC,KU,Kuwait,KUWAITI
Kuzu Airlines Cargo,KZU,GO,Turkey,KUZU CARGO
Kyrgyz Airlines,KGZ,N5,Kyrgyzstan,BERMET
Kyrgyz Trans Avia,KTC,,Kyrgyzstan,DINARA
Kyrgyzstan,LYN,QH,Kyrgyzstan,ALTYN AVIA
Kyrgyzstan Airlines,KGA,R8,Kyrgyzstan,KYRGYZ
Kibris T,KYV,KY,Turkey,AIRKIBRIS
L J Aviation,LJY,,United States,ELJAY
L.A.B. Flying Service,LAB,JF,United States,LAB
LACSA,LRC,LR,Costa Rica,LACSA
LAI - Linea Aerea IAACA,BNX,KG,Venezuela,AIR BARINAS
LAN Airlines,LAN,LA,Chile,LAN
LAN Argentina,DSM,4M,Argentina,LAN AR
LAN Cargo,LCO,,Chile,LAN CARGO
LAN Express,LXP,LU,Chile,LANEX
LAN Peru,LPE,LP,Peru,LANPERU
LC Busre,LCB,,Peru,BUSRE
LOT Polish Airlines,LOT,LO,Poland,POLLOT
LTE International Airways,LTE,XO,Spain,FUN JET
LTU Austria,LTO,L3,Austria,BILLA TRANSPORT
LTU International,LTU,LT,Germany,LTU
Labcorp,SKQ,,United States,SKYLAB
Lagun Air,JEV,N6,Spain,
Lankair,LKN,IK,Sri Lanka,Lankair
Lao Air Company,LLL,,Lao Peoples Democratic Republic,LAVIE
Lao Airlines,LAO,QV,Lao Peoples Democratic Republic,LAO
Lao Capricorn Air,LKA,,Lao Peoples Democratic Republic,NAKLOA
Laoag International Airlines,LPN,L7,Philippines,LAOAG AIR
Lauda Air,LDA,NG,Austria,LAUDA AIR
Laughlin Express,LEP,,United States,LAUGHLIN EXPRESS
Lebanese Air Transport,LAQ,LQ,Lebanon,LAT
Leeward Islands Air Transport,LIA,LI,Antigua and Barbuda,LIAT
Libyan Arab Airlines,LAA,LN,Libya,LIBAIR
Linea Aerea SAPSA,LNP,L7,Chile,SAPSA
Linea Aerea de Servicio Ejecutivo Regional,LER,8z,Venezuela,LASER
Linea Turistica Aerotuy,TUY,LD,Venezuela,AEREOTUY
Lineas Aereas Azteca,LCD,ZE,Mexico,LINEAS AZTECA
Lineas Aereas Eldorado,EDR,,Colombia,ELDORADRO
Linhas A,LAM,LM,Mozambique,MOZAMBIQUE
Lion Air Services,WGT,,United Kingdom,WORLDGATE
Lion Mentari Airlines,LNI,JT,Indonesia,LION INTER
Livingston,LVG,LM,Italy,LIVINGSTON
Lloyd Aereo Boliviano,LLB,LB,Bolivia,LLOYDAEREO
Logan Air,LOG,,United Kingdom,LOGAN
Long Island Airlines,ORA,,United States,LONG ISLAND
Longtail Aviation,LGT,,Bermuda,LONGTAIL
Lucky Air,LKE,,China,LUCKY AIR
Luftfahrtgesellschaft Walter,LGW,HE,Germany,WALTER
Lufthansa,DLH,LH,Germany,LUFTHANSA
Lufthansa Cargo,GEC,LH,Germany,LUFTHANSA CARGO
Lufthansa CityLine,CLH,CL,Germany,HANSALINE
Lufttaxi Fluggesellschaft,LTF,DV,Germany,Garfield
Lufttransport,LTR,L5,Norway,LUFT TRANSPORT
Luxair,LGL,LG,Luxembourg,LUXAIR
Luxaviation,LXA,,Luxembourg,RED LION
Luxflight Executive,LFE,,Luxembourg,LUX EXPRESS
Lviv Airlines,UKW,5V,Ukraine,UKRAINE WEST
Lydd Air,LYD,,United Kingdom,LYDDAIR
Lynden Air Cargo,LYC,L2,United States,LYNDEN
Lynx Aviation,LYX,,Pakistan,LYNX AIR
L,LPR,MJ,Argentina,LAPA
L,LAU,,Colombia,SURAMERICANO
MasAir,MAA,M7,Mexico,MAS CARGA
MAT Macedonian Airlines,MAK,IN,Macedonia,MAKAVIO
MIAT Mongolian Airlines,MGL,OM,Mongolia,MONGOL AIR
MNG Airlines,MNB,MB,Turkey,BLACK SEA
Macair Airlines,MCK,CC,Australia,
Macedonian Airlines,MCS,,Greece,MACAIR
Mahalo Air,MLH,,United States,MAHALO
Mahan Air,IRM,W5,Iran,MAHAN AIR
Mahfooz Aviation,MZS,M2,Gambia,MAHFOOZ
Malaysia Airlines,MAS,MH,Malaysia,MALAYSIAN
Mali Air,MAE,,Austria,MALI AIREXPRESS
Mali Air Express,VXP,,Mali,AVION EXPRESS
Malmo Aviation,SCW,,Sweden,SCANWING
Malmö Aviation,SCW,TF,Sweden,Scanwings
Malta Air Charter,MAC,R5,Malta,MALTA CHARTER
Malév,MAH,MA,Hungary,MALEV
Mandala Airlines,MDL,RI,Indonesia,MANDALA
Mandarin Airlines,MDA,AE,Taiwan,Mandarin
Mango,MNO,JE,South Africa,TULCA
March Helicopters,MAR,,United Kingdom,MARCH
Mars RK,MRW,6V,Ukraine,AVIAMARS
Marsland Aviation,MSL,M7,Sudan,MARSLANDAIR
Martinair,MPH,MP,Netherlands,MARTINAIR
Martinaire,MRA,,United States,MARTEX
Mavial Magadan Airlines,MVL,H5,Russia,Mavial
Max Avia,MAI,,Kyrgyzstan,MAX AVIA
Maxair,MXL,8M,Sweden,MAXAIR
Maxjet Airways,MXJ,MY,United States,MAX-JET
Maya Island Air,MYD,MW,Belize,MYLAND
Medavia Company,MDM,,Malta,MEDAVIA
Mediterranean Air Freight,MDF,,Greece,MED-FREIGHT
Mega Linhas Aereas,MEL,,Brazil,MEGA AIR
Menajet,MNJ,IM,Lebanon,MENAJET
Meridiana,ISS,IG,Italy,MERAIR
Merpati Nusantara Airlines,MNA,MZ,Indonesia,MERPATI
Mesa Airlines,ASH,YV,United States,AIR SHUTTLE
Mesaba Airlines,MES,XJ,United States,MESABA
Meta Linhas A,MSQ,,Brazil,META
Mexicana de Aviaci,MXA,MX,Mexico,MEXICANA
Miami Air International,BSK,GL,United States,BISCAYNE
Middle East Airlines,MEA,ME,Lebanon,CEDAR JET
Midway Airlines,MDW,JI,United States,MIDWAY
Midwest Airlines,MEP,YX,United States,
Midwest Airlines (Egypt),MWA,MY,Egypt,
Miller Flying Services,MFS,,United States,MILLER TIME
Miniliner,MNL,,Italy,MINILINER
Ministic Air,MNS,,Canada,MINISTIC
Mistral Air,MSA,,Italy,AIRMERCI
Moldavian Airlines,MDV,2M,Moldova,MOLDAVIAN
Monarch Airlines,MON,ZB,United Kingdom,MONARCH
Montenegro Airlines,MGX,YM,Montenegro,MONTAIR
Morningstar Air Express,MAL,,Canada,MORNINGSTAR
Morris Air Service,MSS,,United States,WASATCH
Moskovia Airlines,GAI,3R,Russia,GROMOV AIRLINE
Motor Sich,MSI,M9,Ukraine,MOTOR SICH
Mount Cook Airlines,NZM,NM,New Zealand,MOUNTCOOK
Mountain Air Cargo,MTN,,United States,MOUNTAIN
Mountain Air Company,MTC,N4,Sierra Leone,MOUNTAIN LEONE
My Way Airlines,MYW,,Italy,FRANKY
MyTravel Airways,MYT,VZ,United Kingdom,KESTREL
Myanma Airways,UBA,UB,Myanmar,UNIONAIR
Myanmar Airways International,MMM,8M,Myanmar,assignment postponed
Mytravel Airways,VKG,,Denmark,VIKING
NHT Lineas Aereas,NHG,,Brazil,HELGA
Nantucket Airlines,ACK,DV,United States,ACK AIR
Nasair,NAS,UE,Eritrea,NASAIRWAYS
National Air Charter,NSR,,Indonesia,NASAIR
National Airlines,NCN,N4,Chile,
National Airlines,ROK,N7,United States,RED ROCK
National Airlines,NAL,NA,United States,NATIONAL
National Jet Express,JTE,,Australia,JETEX
National Jet Systems,NJS,NC,Australia,NATIONAL JET
Nationwide Airlines,NTW,CE,South Africa,NATIONWIDE
Natureair,NRR,,Costa Rica,NATUREAIR
Nauru Air Corporation,RON,ON,Nauru,AIR NAURU
Navegacion Servicios Aereos Canarios SA,NAY,,Spain,NAYSA
Nepal Airlines,RNA,RA,Nepal,ROYAL NEPAL
Neos,NOS,NO,Italy,MOONFLOWER
NetJets,EJA,1I,United States,EXECJET
New England Airlines,NEA,EJ,United States,NEW ENGLAND
Newair,HVA,,United States,HAVEN-AIR
NextJet,NTJ,2N,Sweden,NEXTJET
Nicon Airways,NCN,,Nigeria,NICON AIRWAYS
Night Express,EXT,,Germany,EXECUTIVE
Niki,NLY,HG,Austria,FLYNIKI
Nippon Cargo Airlines,NCA,KZ,Japan,NIPPON CARGO
No. 32 (The Royal) Squadron RAF,NOH,,United Kingdom,NORTHOLT
Nobil Air,NBL,,Moldova,NOBIL AIR
Nok Air,NOK,DD,Thailand,NOK AIR
Nolinor Aviation,NRL,,Canada,NOLINOR
Nord-Flyg,NEF,,Sweden,NORDEX
Nordeste Linhas Aereas Regionais,NES,JH,Brazil,NORDESTE
Nordic Regional,NRD,6N,Sweden,NORTH RIDER
Nordic Solutions,NVD,,Lithuania,NORDVIND
Norsk Helikopter,NOR,,Norway,NORSKE
North Adria Aviation,NAI,,Croatia,NORTH-ADRIA
North Caribou Flying Service Ltd,NCB,,Canada,NORTH CARIBOU
North Flying,NFA,M3,Denmark,NORTH FLYING
North-Wright Airways,NWL,HW,Canada,NORTHWRIGHT
Northern Air Cargo,NAC,NC,United States,YUKON
Northern Airways,NDA,,United States,NORTHERN DAKOTA
Northstar Aviation,NSS,,United States,NORTHSTAR
Northwest Airlines,NWA,NW,United States,NORTHWEST
Northwest Regional Airlines,NWR,FY,Australia,
Northwestern Air,PLR,J3,Canada,POLARIS
Norwegian Air Shuttle,NAX,DY,Norway,NOR SHUTTLE
Nouvel Air Tunisie,LBT,BJ,Tunisia,NOUVELAIR
Nova Airline,NOV,M4,Sudan,NOVANILE
Nova Scotia Department of Lands and Forests,PTR,,Canada,PATROL
Novair,NVR,1I,Sweden,NAVIGATOR
Nuevo Continente,ACQ,N6,Peru,AERO CONTINENTE
Nas Air,KNE,XY,Saudi Arabia,NAS EXPRESS
O Air,OCN,,France,O-BIRD
O'Connor Airlines,OCM,UQ,Australia,OCONNOR
Oasis Hong Kong Airlines,OHK,O8,Hong Kong,OASIS
Ocean Airlines,VCX,VC,Italy,OCEANCARGO
Oceanair,ONE,O6,Brazil,OCEANAIR
Okay Airways,OKA,,China,OKAYJET
Olympic Airlines,OAL,OA,Greece,OLYMPIC
Olympic Aviation,OLY,,Greece,OLAVIA
Oman Air,OMA,WY,Oman,OMAN AIR
Oman Royal Flight,ORF,,Oman,OMAN
Omni Air International,OAE,OY,United States,OMNI-EXPRESS
Omskavia Airline,OMS,N3,Russia,OMSK
Onur Air,OHY,8Q,Turkey,ONUR AIR
OpenSkies,BOS,,United Kingdom,MISTRAL
Orenburg Airlines,ORB,R2,Russia,ORENBURG
Orient Thai Airlines,OEA,OX,Thailand,ORIENT THAI
Origin Pacific Airways,OGN,QO,New Zealand,ORIGIN
Ostfriesische Lufttransport,OLT,OL,Germany,OLTRA
Our Airline,RON,ON,Nauru,OUR AIRLINE
Overland Airways,OLA,OJ,Nigeria,OVERLAND
Oxaero,OXE,,United Kingdom,OXOE
Ozark Air Lines,OZR,OZ,United States,OZARK
Ozjet Airlines,OZJ,O7,Australia,AUSJET
PAN Air,PNR,PV,Spain,SKYJET
PB Air,PBA,9Q,Thailand,PEEBEE AIR
PLUNA,PUA,PU,Uruguay,PLUNA
PMTair,PMT,U4,Cambodia,MULTITRADE
PSA Airlines,JIA,,United States,BLUE STREAK
PTL Luftfahrtunternehemen,KST,,Germany,KING STAR
Pace Airlines,PCE,Y5,United States,PACE
Jetstar Pacific,PIC,BL,Vietnam,PACIFIC AIRLINES
Pacific Blue,PBN,DJ,New Zealand,BLUEBIRD
Pacific Coastal Airline,PCO,8P,Canada,PASCO
Pacific East Asia Cargo Airlines,PEC,Q8,Philippines,PAC-EAST CARGO
Pacific Southwest Airlines,PSX,PS,United States,SMILEY
Pacific Wings,NMI,LW,United States,TSUNAMI
Pakistan International Airlines,PIA,PK,Pakistan,PAKISTAN
Pal Aerolineas,LPA,,Mexico,LINEASPAL
Palau Trans Pacific Airline,PTP,GP,Palau,TRANS PACIFIC
Palestinian Airlines,PNW,PF,Egypt,PALESTINIAN
Pamir Airways,PIR,NR,Afghanistan,PAMIR
Pan Am World Airways,PWD,,Dominican Republic,
Pan American Airways,PAA,PA,United States,
Pan American World Airways,PAA,PA,United States,CLIPPER
Panafrican Airways,PNF,PQ,Ivory Coast,PANWAYS
Pantanal Linhas Aéreas,PTN,P8,Brazil,PANTANAL
Paramount Airways,PMW,I7,India,PARAWAY
Pars Aviation Service,PRA,,Iran,PARSAVIA
Parsa,PST,,Panama,TURISMO REGIONAL
Pascan Aviation,PSC,,Canada,PASCAN
Passaredo Transportes Aereos,PTB,,Brazil,PASSAREDO
Peach Air,KGC,,United Kingdom,GOLDCREST
Pearl Airways,HPA,HP,Haiti,PEARL AIRWAYS
Pegasus Airlines,PGT,PC,Turkey,SUNTURK
Pegasus Aviation,PEV,,Greece,PEGAVIATION
Pelita Air Service,PAS,,Indonesia,PELITA
Peninsula Airways,PEN,KS,United States,PENINSULA
Perm Airlines,PGP,P9,Russia,PERM AIR
Philippine Airlines,PAL,PR,Philippines,PHILIPPINE
Phoenix Air Group,PHA,,United States,GRAY BIRD
Phoenix Air Service,PAM,,Germany,PHOENIX
Phuket Air,VAP,9R,Thailand,PHUKET AIR
Piedmont Airlines (1948-1989),PDT,PI,United States,PIEDMONT
Pinnacle Airlines,FLG,9E,United States,FLAGSHIP
Polar Air Cargo,PAC,PO,United States,POLAR
Polet,POT,,Russia,POLET
Police Aux Frontiers,POF,,France,AIRPOL
Polynesian Airlines,PAO,PH,Samoa,POLYNESIAN
Polynesian Blue,PLB,DJ,New Zealand,POLYBLUE
Porter Airlines,POE,PD,Canada,PORTER AIR
Portugalia,PGA,NI,Portugal,PORTUGALIA
Potomac Air,PDC,BK,United States,DISTRICT
Precision Air,PRF,PW,Tanzania,PRECISION AIR
President Airlines,PSD,TO,Cambodia,
Presidential Aviation,PRD,,United States,PRESIDENTIAL
Priester Aviation,PWA,,United States,PRIESTER
Primaris Airlines,WCP,FE,United States,WHITECAP
Private Wings Flugcharter,PWF,8W,Germany,PRIVATE WINGS
Privilege Style L,PVG,,Spain,PRIVILEGE
Professione VOlare,PVL,,Italy,VOLARE
Propair,PRO,,Canada,PROPAIR
Propflight Air Services,PFZ,,Zambia,PROFLIGHT-ZAMBIA
Provincial Airlines,SPR,,Canada,SPEEDAIR
Pskovavia,PSW,,Russia,PSKOVAVIA
Ptarmigan Airways,PTA,,Canada,PTARMIGAN
Puma Linhas Aereas,PLY,,Brazil,PUMA BRASIL
Qanot Sharq,QNT,,Uzbekistan,QANAT SHARQ
Qantas,QFA,QF,Australia,QANTAS
Qatar Airways,QTR,QR,Qatar,QATARI
Qatar Amiri Flight,QAF,,Qatar,AMIRI
Queen Air,QNA,,Dominican Republic,QUEEN AIR
Quest Diagnostics,LBQ,,United States,LABQUEST
Cranwell Flying Training Unit,CWL,,United Kingdom,CRANWELL
Northwood Headquarters (RAF,NWO,,United Kingdom,
RAF Valley SAR Training Unit,VLL,,United Kingdom,
RAF-Avia,MTL,,Latvia,MITAVIA
Rabbit-Air,RBB,,Switzerland,RABBIT
Rebus,REB,,Bulgaria,REBUS
Redhill Aviation,RHC,8L,United Kingdom,REDAIR
Reem Air,REK,V4,Kyrgyzstan,REEM AIR
Regional Express,RXA,ZL,Australia,REX
Regional Geodata Air,JJM,,Spain,GEODATA
RegionsAir,CEA,3C,United States,CORP-X
Reno Air,ROA,QQ,United States,RENO AIR
Republic Airlines,RPA,RW,United States,BRICKYARD
Republic Express Airlines,RPH,RH,Indonesia,PUBLIC EXPRESS
Rico Linhas A,RLE,C7,Brazil,RICO
Rio Grande Air,GRN,E2,United States,GRANDE
Rio Sul Servi,RSL,SL,Brazil,RIO SUL
Rog-Air,FAD,,Canada,AIR FRONTIER
Romanian Air Force,ROF,,Romania,ROMAF
Air Rarotonga,RAR,GZ,Cook Islands,
Rotatur,RTR,,Brazil,ROTATUR
Rovos Air,VOS,,South Africa,ROVOS
Royal Air Force,RFR,RR,United Kingdom,RAFAIR
Royal Air Force of Oman,MJN,RS,Oman,MAJAN
Royal Air Force,RRR,,United Kingdom,ASCOT
Royal Air Maroc,RAM,AT,Morocco,ROYALAIR MAROC
Royal Airlines,RPK,R0,Pakistan,ROYAL PAKISTAN
Royal Aruban Airline,RYL,V5,Aruba,ROYAL ARUBAN
Royal Brunei Airlines,RBA,BI,Brunei,BRUNEI
Royal Jet,ROJ,,United Arab Emirates,ROYALJET
Royal Jordanian,RJA,RJ,Jordan,JORDANIAN
Royal Khmer Airlines,RKH,RK,Cambodia,KHMER AIR
Royal Nepal Airlines,RNA,RA,Nepal,ROYAL NEPAL
Royal Sky,RYS,,Thailand,ROYAL SKY
Royal Tongan Airlines,HRH,WR,Tonga,TONGA ROYAL
Rusline,RLU,,Russia,RUSLINE AIR
Russian Sky Airlines,ESL,P7,Russia,RADUGA
Rutas Aereas,RUC,,Venezuela,RUTACA
Rwandair Express,RWD,WB,Rwanda,RWANDAIR
Ryan Air Services,RYA,,United States,RYAN AIR
Ryan International Airlines,RYN,RD,United States,RYAN INTERNATIONAL
Ryanair,RYR,FR,Ireland,RYANAIR
Régional,RAE,YS,France,REGIONAL EUROPE
SATA International,RZO,S4,Portugal,AIR AZORES
South African Airways,SAA,SA,South Africa,SPRINGBOK
Shaheen Air International,SAI,NL,Pakistan,SHAHEEN AIR
Sahel Aviation Service,SAO,,Mali,SAVSER
Scandinavian Airlines System,SAS,SK,Sweden,SCANDINAVIAN
Sham Wing Airlines,SAW,,Syrian Arab Republic,SHAMWING
ScotAirways,SAY,,United Kingdom,SUCKLING
STA-MALI,SBA,,Mali,STA-MALI
S7 Airlines,SBI,S7,Russia,SIBERIAN AIRLINES
Stabo Air,SBO,,Zambia,STABAIR
Seaborne Airlines,SBS,BB,United States,SEABORNE
Saint Barth Commuter,SBU,,France,BLACK FIN
SriLankan Airlines,ALK,UL,Sri Lanka,SRILANKAN
Si-Chang Flying Service,SCR,,Thailand,SICHART
SAAB-Aircraft,SCT,,Sweden,SAAB-CRAFT
Sun Country Airlines,SCX,SY,United States,SUN COUNTRY
St. Andrews Airways,SDA,,Canada,SAINT ANDREWS
SADELCA - Sociedad Aerea Del Caqueta,SDK,,Colombia,SADELCA
Servicio Tecnico Aero De Mexico,SDX,,Mexico,SERVICIO TECNICO
Sky Express,SEH,G3,Greece,AIR CRETE
Spicejet,SEJ,SG,India,SPICEJET
Sky Eyes,SEQ,I6,Thailand,SKY EYES
SAETA,SET,EH,Ecuador,SAETA
Star Flyer,SFJ,7G,Japan,STARFLYER
Safair,SFR,FA,South Africa,CARGO
Skagway Air Service,SGY,N5,United States,SKAGWAY AIR
Shell Aircraft,SHE,,United Kingdom,SHELL
Seoul Air International,SHI,,Republic of Korea,SEOUL AIR
Shura Air Transport Services,SHS,,Ethiopia,SHURA AIR
Sakhalinskie Aviatrassy (SAT),SHU,,Russia,SATAIR
SATA Air Acores,SAT,SP,Portugal,SATA
Sky Airlines,SHY,,Turkey,ANTALYA BIRD
Singapore Airlines,SIA,SQ,Singapore,SINGAPORE
Sibaviatrans,SIB,5M,Russia,SIBAVIA
Skynet Airlines,SIH,SI,Ireland,BLUEJET
Servicios Aeronauticos Integrales,SIL,,Mexico,SERVICIOS INTEGRALES
SITA,SIT,XS,Belgium,
Sriwijaya Air,SJY,SJ,Indonesia,SRIWIJAYA
Sama Airlines,SMY,ZS,Saudi Arabia,NAJIM
Singapore Airlines Cargo,SQC,SQ,Singapore,SINGCARGO
Siem Reap Airways,SRH,FT,Cambodia,SIEMREAP AIR
Sky Work Airlines,SRK,SX,Switzerland,SKYFOX
Swedline Express,SRL,SM,Sweden,Starline
Sirair,SRN,,Russia,SIRAIR
South East Asian Airlines,SRQ,DG,Philippines,SEAIR
Star Air,SRR,,Denmark,WHITESTAR
Star Up,SRU,,Peru,STAR-UP
Severstal,SSF,,Russia,SEVERSTAL
SwedJet Airways,BBB,VD,Sweden,BLACKBIRD
Skyservice Airlines,SSV,5G,Canada,SKYTOUR
Status-Alpha Airline,STB,,Ukraine,STATUS-ALPHA
Servicios de Transportes A,STU,FS,Argentina,FUEGUINO
Star African Air,STU,,Somali Republic,STARSOM
South West Air Corporation,STW,,Philippines,SIERRA WHISKEY
Silesia Air,SUA,,Czech Republic,AIR SILESIA
Suburban Air Freight,SUB,,United States,SUB AIR
Sudan Airways,SUD,SD,Sudan,SUDANAIR
Sun Air (Fiji),SUF,PI,Fiji,SUNFLOWER
State Unitary Air Enterprise,SUM,,Russia,SUMES
Sun Air of Scandinavia,SUS,EZ,Denmark,SUNSCAN
Saudi Arabian Airlines,SVA,SV,Saudi Arabia,SAUDIA
Servicios Aereos Saar,SVS,,Mexico,AEREOS SAAR
Security Aviation,SVX,,United States,SECURITY AIR
Southwest Airlines,SWA,WN,United States,SOUTHWEST
Southern Winds Airlines,SWD,A4,Argentina,SOUTHERN WINDS
Spurling Aviation,ASL,,United States,AIR SEATTLE
Sunwing Airlines,SWG,WG,Canada,SUNWING
Swift Air (Interstate Equipment Leasing),SWQ,,United States,SWIFTFLIGHT
Swiss International Air Lines,SWR,LX,Switzerland,SWISS
Swissair,SWR,SR,Switzerland,Swissair
Swiftair,SWT,,Spain,SWIFT
Swiss European Air Lines,SWU,,Switzerland,EUROSWISS
Swe Fly,SWV,WV,Sweden,FLYING SWEDE
Shovkoviy Shlyah,SWW,S8,Ukraine,WAY AERO
Servair,SWZ,,SWISSBIRD,Private Charter
Southern Cross Aviation,SXA,,United States,FERRY
SunExpress,SXS,XQ,Turkey,SUNEXPRESS
Safari Express Cargo,SXY,,Kenya,SAFARI EXPRESS
Skyways,SYA,,Argentina,LINEAS CARDINAL
Synergy Aviation,SYG,,United Kingdom,SYNERGY
Syrian Arab Airlines,SYR,RB,Syrian Arab Republic,SYRIANAIR
Skywalk Airlines,SYX,AL,United States,SKYWAY-EX
Silk Way Airlines,AZQ,ZP,Azerbaijan,SILK LINE
Samara Airlines,BRZ,E5,Russia,BERYOZA
Shandong Airlines,CDG,SC,China,SHANDONG
Sunwest Home Aviation,CNK,,Canada,CHINOOK
Spring Airlines,CQH,9S,China,AIR SPRING
Sichuan Airlines,CSC,3U,China,SI CHUAN
Shanghai Airlines,CSH,FM,China,SHANGHAI AIR
Shenzhen Airlines,CSZ,ZH,China,SHENZHEN AIR
Shanxi Airlines,CXI,8C,China,SHANXI
Sioux Falls Aviation,DKT,,United States,DAKOTA
Sun D'Or,ERO,7L,Israel,ECHO ROMEO
SkyEurope,ESK,NE,Slovakia,RELAX
Sunshine Express Airlines,EXL,CQ,Australia,
South African Express,EXY,,South Africa,EXPRESSWAYS
Silverjet,FJE,,United Kingdom,ENVOY
Sky Wings Airlines,GSW,,Greece,
Star XL German Airlines,GXL,,Germany,STARDUST
Superior Aviation,HKA,SO,United States,SPEND AIR
Svenska Direktflyg,HSV,,Sweden,HIGHSWEDE
Skytaxi,IGA,,Poland,IGUANA
Saha Airlines Services,IRZ,,Iran,SAHA
Spanair,JKK,JK,Spain,SPANAIR
SANSA,LRS,,Costa Rica,
SOS Helikoptern Gotland,MCG,,Sweden,MEDICOPTER
San Juan Airlines,MRR,2G,United States,MARINER
Spirit Airlines,NKS,NK,United States,SPIRIT WINGS
SATENA,NSE,9R,Colombia,SATENA
Servicios Aereos Del Norte,NTB,,Mexico,SERVINORTE
Slok Air Gambia,OKS,S0,Gambia,SLOK GAMBIA
Sosoliso Airlines,OSL,SO,Nigeria,SOSOLISO
Sky Trek International Airlines,PZR,1I,United States,PHAZER
Servicio Aereo Regional Regair,RER,,Ecuador,REGAIR
Skybus Airlines,SKB,SX,United States,SKYBUS
Sakaviaservice,AZG,,Georgia,SAKSERVICE
SkyKing Turks and Caicos Airways,SKI,RU,Turks and Caicos Islands,SKYKING
Skylink Aviation,SKK,,Canada,SKYLINK
Skyscapes Air Charters,SKR,,South Africa,SKYSCAPES
Sky Service,SKS,,Belgium,SKY SERVICE
Santa Barbara Airlines,BBR,S3,Venezuela,SANTA BARBARA
Skystar Airways,SKT,,Thailand,SKY YOU
Sky Airline,SKU,H2,Chile,AEROSKY
SkyWest,SKW,OO,United States,SKYWEST
Skyways Express,SKX,JZ,Sweden,SKY EXPRESS
Skymark Airlines,SKY,BC,Japan,SKYMARK
Sierra National Airlines,SLA,LJ,Sierra Leone,SELAIR
SilkAir,SLK,MI,Singapore,SILKAIR
Slovak Airlines,SLL,6Q,Slovakia,SLOV LINE
Surinam Airways,SLM,PY,Suriname,SURINAM
Sete Linhas Aereas,SLX,,Brazil,SETE
Smalandsflyg,SMF,,Sweden,GORDON
Somon Air,SMR,,Tajikistan,SOMON AIR
Sterling Airlines,SNB,NB,Denmark,STERLING
Skynet Asia Airways,SNJ,6J,Japan,NEWSKY
Soonair Lines,SNL,,United States,SOONAIR
Solomon Airlines,SOL,IE,Solomon Islands,SOLOMON
Southern Air,SOO,,United States,SOUTHERN AIR
Solinair,SOP,,Slovenia,SOLINAIR
Saratov Aviation Division,SOV,6W,Russia,SARATOV AIR
Sat Airlines,SOZ,HZ,Kazakhstan,SATCO
Sierra Pacific Airlines,SPA,,United States,SIERRA PACIFIC
Springdale Air Service,SPG,,United States,SPRING AIR
Servicios Aereos Palenque,SPQ,,Mexico,SERVICOS PALENQUE
Shuttle America,TCF,S5,United States,MERCURY
Scat Air,VSV,DV,Kazakhstan,VLASTA
TAME,TAE,EQ,Ecuador,TAME
TAM Brazilian Airlines,TAM,JJ,Brazil,TAM
TAP Portugal,TAP,TP,Portugal,AIR PORTUGAL
Tunisair,TAR,TU,Tunisia,TUNAIR
Travelair,TAX,,Germany,TRAVELAIR
TNT Airways,TAY,3V,Belgium,QUALITY
Transbrasil,TBA,,Brazil,TRANSBRASIL
Tropical Airways,TBG,M7,Haiti,
Teebah Airlines,TBN,,Sierra Leone,TEEBAH
Thai Air Cargo,TCG,T2,Thailand,THAI CARGO
Thomas Cook Airlines,TCW,FQ,Belgium,THOMAS COOK
Thomas Cook Airlines,TCX,MT,United Kingdom,KESTREL
Tandem Aero,TDM,TQ,Moldova,TANDEM
Trade Air,TDR,,Croatia,TRADEAIR
Teamline Air,TLW,L9,Austria,Teamline
Transeuropean Airlines,TEP,UE,Russia,TRANSEURLINE
TAG Aviation Espana,TGM,,Spain,TAG ESPANA
Trigana Air Service,TGN,,Indonesia,TRIGANA
Titan Airways,AWC,ZT,United Kingdom,ZAP
Tiger Airways,TGW,TR,Singapore,GO CAT
Tiger Airways Australia,TGW,TT,Australia,GO CAT
Thai Airways International,THA,TG,Thailand,THAI
Thai AirAsia,AIQ,FD,Thailand,THAI ASIA
Turkish Airlines,THY,TK,Turkey,TURKAIR
TEAM Transportes Aereos,TIM,,Brazil,TEAM BRASIL
Taino Tours,TIN,,Dominican Republic,TAINO
Transcarga Intl Airways,TIW,,Venezuela,TIACA
Tajikair,TJK,,Tajikistan,TAJIKAIR
Tyrolean Jet Service,TJS,,Austria,TYROLJET
Twin Jet,TJT,T7,France,TWINJET
Thai Sky Airlines,TKY,9I,Thailand,THAI SKY
Tulip Air,TLP,TD,Netherland,TULIPAIR
Tunisavia,TAJ,,Tunisia,TUNISAVIA
Travelair,TLV,,Uruguay,PAJAROS
Trans Mediterranean Airlines,TMA,TL,Lebanon,TANGO LIMA
Tri-MG Intra Asia Airlines,TMG,GY,Indonesia,TRILINES
Trans Midwest Airlines,TMT,,United States,TRANS MIDWEST
Tiara Air,TNM,3P,Aruba,TIARA
Tobruk Air,TOB,7T,Libya,TOBRUK AIR
Tol-Air Services,TOL,TI,United States,TOL AIR
Thomsonfly,TOM,BY,United Kingdom,TOMSON
Toronto Airways,TOR,,Canada,TORONTAIR
Tropic Air,TOS,PM,Belize,TROPISER
Tower Air,TOW,FF,United States,TEE AIR
TAMPA,TPA,QT,Colombia,TAMPA
Trans American Airlines (Trans Am),TPU,,Peru,TRANS PERU
TransAsia Airways,TNA,GE,Taiwan,TransAsia
Transavia Holland,TRA,HV,Netherlands,TRANSAVIA
TACV,TCV,VR,Portugal,CABOVERDE
Trans Euro Air,TRJ,,United Kingdom,HIGH TIDE
Turdus Airways,TRQ,,Netherland,HUNTER
TransMeridian Airlines,TRZ,T9,United States,TRANS-MERIDIAN
Transmile Air Services,TSE,TH,Malaysia,TRANSMILE
Trans-Air-Congo,TSG,,Republic of the Congo,TRANS-CONGO
Trast Aero,TSJ,S5,Kyrgyzstan,TRAST AERO
Transwest Air,ABS,9T,Canada,ATHABASKA
Transaero Airlines,TSO,UN,Russia,TRANSOVIET
Thai Star Airlines,TSX,T9,Thailand,THAI STAR
Total Linhas Aereas,TTL,,Brazil,TOTAL
Turkmenistan Airlines,TUA,T5,Turkmenistan,TURKMENISTAN
Tuninter,TUI,UG,Tunisia,
Tulpar Air,TUL,,Russia,URSAL
Tulpar Air Service,TUX,,Kazakhstan,TULPA
Travel Service,TVL,,Hungary,TRAVEL SERVICE
Tavrey Airlines,TVR,T6,Ukraine,TAVREY
Travel Service,TVS,QS,Czech Republic,SKYTRAVEL
Trans World Airlines,TWA,TW,United States,TWA
Transaviaexport,TXC,AL,Belarus,TRANSEXPORT
TUIfly Nordic,BLX,6B,Sweden,BLUESCAN
Transportes Aereos Bolivianos,BOL,,Bolivia,BOL
Tiphook PLC,BOX,,United Kingdom,BOX
Triple Alpha,CLU,,Germany,CAROLUS
TAAG Angola Airlines,DTA,DT,Angola,DTA
Tassili Airlines,DTH,SF,Algeria,TASSILI AIR
TAG Aviation,FPG,,Switzerland,TAG AVIATION
Tradewind Aviation,GPD,,United States,GOODSPEED
Transaviabaltika,KTB,,Lithuania,TRANSBALTIKA
TAM Mercosur,LAP,PZ,Paraguay,PARAGUAYA
The Lancair Company,LCC,,United States,LANCAIR
Trans States Airlines,LOF,AX,United States,WATERSKI
TNT International Aviation,NTR,,United Kingdom,NITRO
Open Skies Consultative Commission,OSY,1L,United States,OPEN SKIES
Tarom,ROT,RO,Romania,TAROM
Transportes Aereos I.R. Crusoe,ROU,,Chile,ROBINSON CRUSOE
Turan Air,URN,3T,Azerbaijan,TURAN
TRIP Linhas A,TIB,8R,Brazil,TRIP
Trans-Ulgii,UTN,,Mongolia,TRANS-ULGII
Travel Express Aviation Services,XAR,,Indonesia,TRAVEL EXPRESS
United Kingdom Civil Aviation Authority,EXM,,United Kingdom,EXAM
USA3000 Airlines,GWY,U5,United States,GETAWAY
United Airlines,UAL,UA,United States,UNITED
United Eagle Airlines,UEA,,China,UNITED EAGLE
USA Jet Airlines,JUS,U7,United States,JET USA
Ural Airlines,SVR,U6,Russia,SVERDLOVSK AIR
Urgemer Canarias,UGC,,Spain,URGEMER
Ukraine Air Alliance,UKL,,Ukraine,UKRAINE ALLIANCE
UM Airlines,UKM,UF,Ukraine,UKRAINE MEDITERRANEE
Ukraine Air Enterprise,UKN,,Ukraine,ENTERPRISE UKRAINE
Ukrainian Cargo Airways,UKS,6Z,Ukraine,CARGOTRANS
United Parcel Service,UPS,5X,United States,UPS
US Airways,USA,US,United States,U S AIR
UTair Aviation,UTA,UT,Russia,UTAIR
Uzbekistan Airways,UZB,HY,Uzbekistan,UZBEK
Ukraine International Airlines,AUI,PS,Ukraine,UKRAINE INTERNATIONAL
V Australia Airlines,VAU,VA,Australia,KANGA
Valuair,VLU,VF,Singapore,VALUAIR
Van Air Europe,VAA,,Czech Republic,EUROVAN
Vasco Air,VFC,,Vietnam,VASCO AIR
Vega,VAG,,Kazakhstan,SEGA
Voyageur Airways,VAL,VC,Canada,VOYAGEUR
Vietnam Airlines,HVN,VN,Vietnam,VIET NAM AIRLINES
VIM Airlines,MOV,NN,Russia,MOV AIR
Victoria Aviation,ENV,,United Kingdom,ENDEAVOUR
VIP Avia,PRX,,Latvia,PAREX
Volaris,VOI,Y4,Mexico,VOLARIS
Volga-Dnepr Airlines,VDA,VI,Russia,VOLGA-DNEPR
Virgin America,VRD,VX,United States,REDWOOD
Virgin Express,VEX,TV,Belgium,VIRGIN EXPRESS
Virgin Nigeria Airways,VGN,VK,Nigeria,VIRGIN NIGERIA
Vibroair Flugservice,VIB,,Germany,VITUS
VIF Luftahrt,VIF,,Austria,VIENNA FLIGHT
Virgin Atlantic Airways,VIR,VS,United Kingdom,VIRGIN
Viva Macau,VVM,ZG,Macao,JACKPOT
Volare Airlines,VLE,VE,Italy,VOLA
Vueling Airlines,VLG,VY,Spain,VUELING
Vladivostok Air,VLK,XF,Russia,VLADAIR
Varig Log,VLO,LC,Brazil,VELOG
Viaggio Air,VOA,VM,Bulgaria,VIAGGIO
Virgin Australia,VOZ,VA,Australia,VIRGIN
Virgin Blue,VBI,DJ,Australia,BLUEY
Volare Airlines,VRE,,Ukraine,UKRAINE VOLARE
VRG Linhas Aereas,VRN,RG,Brazil,VARIG
Vickers Limited,VSB,,United Kingdom,VICKERS
VASP,VSP,VP,Brazil,VASP
VLM Airlines,VLM,VG,Belgium,RUBENS
WDL Aviation,WDL,,Germany,WDL
Walter I Linkoping,GOT,,Sweden,GOTHIC
Wapiti Aviation,WPT,,Canada,WAPITI
Warbelow's Air Ventures,WAV,,United States,WARBELOW
Warwickshire Aerocentre Ltd.,ATX,,United Kingdom,AIRTAX
Wasaya Airways,WSG,,Canada,WASAYA
WebJet Linhas A,WEB,WJ,Brazil,WEB-BRASIL
Welcome Air,WLC,2W,Austria,WELCOMEAIR
West Air Luxembourg,WLX,,Luxembourg,WEST LUX
West Air Sweden,SWN,PT,Sweden,AIR SWEDEN
WestJet,WJA,WS,Canada,WESTJET
Westair Aviation,WAA,,Namibia,WESTAIR WINGS
Westair Industries,PCM,,United States,PAC VALLEY
Westcoast Energy,BLK,,Canada,BLUE FLAME
Western Air,WST,,Bahamas,WESTERN BAHAMAS
Western Air Express,WAE,,United States,WESTERN EXPRESS
Western Airlines,WAL,WA,United States,WESTERN
Western Arctic Air,WAL,,Canada,WESTERN ARCTIC
Westward Airways,WWD,CN,United States,WESTWARD
White,WHT,,Portugal,YOUNG SKY
Widerøe,WIF,WF,Norway,WIDEROE
Wiggins Airways,WIG,,United States,WIGGINS AIRWAYS
Wind Jet,JET,IV,Italy,GHIBLI
Windrose Air,QGA,,Germany,QUADRIGA
Windward Islands Airways International,WIA,,Netherland,WINDWARD
Wings Air,WON,IW,Indonesia,WINGS ABADI
Wings of Alaska,WAK,K5,United States,WINGS ALASKA
Wings of Lebanon Aviation,WLB,,Lebanon,WING LEBANON
Winlink,WIN,,Saint Lucia,WINLINK
Wizz Air,WZZ,W6,Hungary,WIZZ AIR
Wizz Air Hungary,WVL,8Z,Bulgaria,WIZZBUL
Woodgate Executive Air Charter,CWY,,United Kingdom,CAUSEWAY
World Airways,WOA,WO,United States,WORLD
Worldwide Air Charter Systems,CSW,,Canada,CHARTER SYSTEMS
Wright Air Service,WRF,8V,United States,WRIGHT FLYER
XL Airways France,SEU,SE,France,STARWAY
Xiamen Airlines,CXA,MF,China,XIAMEN AIR
Xtra Airways,CXP,XP,United States,RUBY MOUNTAIN
Yamal Airlines,LLM,YL,Russia,YAMAL
Yangtze River Express,YZR,Y8,China,YANGTZE RIVER
Yemenia,IYE,IY,Yemen,YEMENI
Zagros Airlines,IZG,,Iran,ZAGROS
Zambian Airways,MBN,Q3,Zambia,ZAMBIANA
Zanair,TAN,,Tanzania,ZANAIR
Zip,WZP,3J,Canada,ZIPPER
Zimex Aviation,IMX,C4,Switzerland,ZIMEX
Zoom Airlines,OOM,Z4,Canada,ZOOM
buzz,BUZ,UK,,
Sky Express,SXR,XW,Russia,SKYSTORM
Royal Air Cambodge,RAC,VJ,Cambodia,
Air Busan,ABL,BX,Republic of Korea,Air Busan
TUI Airlines Belgium,TUB,TB,Belgium,BEAUTY
Braathens,BRA,BU,Norway,Braathens
Globus,GLP,GH,Russia,
Air Kazakhstan,KZK,9Y,Kazakhstan,Kazakh
Japan Air System,JAS,JD,Japan,Air System
United Airways,UBD,4H,Bangladesh,UNITED BANGLADESH
Trans Maldivian Airways,TMW,M8,Maldives,
Fly540,FFV,5H,Kenya,SWIFT TANGO
Transavia France,TVF,TO,France,FRENCH SUN
Island Air (WP),MKU,WP,United States,
Uni Air,UIA,B7,Taiwan,Glory
NordWind Airlines,NWS,,Russia,NORDLAND
Red Wings,RWZ,WZ,Russia,AIR RED
Hellenic Star Airways,HST,,Greece,Hellenic Star
Felix Airways,FXX,FU,Yemen,
Kostromskie avialinii,KOQ,K1,Russia,
Greenfly,GFY,XX,Spain,
ELK Airways,ELK,--,Estonia,
Gabon Airlines,GBK,GY,Gabon,GABON AIRLINES
Maldivo Airlines,MAV,ML,Maldives,Maldivo
Virgin Pacific,VNP,VH,Fiji,
Eastar Jet,ESR,ZE,South Korea,Eastar
Jin Air,JNA,LJ,South Korea,Jin Air
Baltic Air lines,BA1,B1,Latvia,Baltic
Ciel Canadien,YCC,YC,Canada,Ciel
Canadian National Airways,YCP,CN,Canada,CaNational
Epic Holiday,4AA,FA,United States,Epic
Line Blue,LBL,L8,Germany,Bluebird
Blue Sky America,BKY,BU,United States,
Texas Spirit,TXP,XS,United States,
Illinois Airways,ILW,IL,United States,
Texas Wings,TXW,TQ,United States,TXW
California Western,CWS,KT,United States,
Dennis Sky,DSY,DH,Israel,DSY
Atifly,A1F,A1,United States,atifly
CanXpress,CA1,C1,Canada,CAX
Sharp Airlines,SHA,SH,Australia,SHARP
CanXplorer,CAP,C2,Canada,
World Experience Airline,WE1,W1,Canada,WEA
Tianjin Airlines,GCR,,China,
Locair,LOC,ZQ,United States,LOCAIR
SeaPort Airlines,SQH,K5,United States,SASQUATCH
Fly Illi,ILY,IL,United States,
Star1 Airlines,HCW,V9,Lithuania,
MexicanaLink,MXI,I6,Mexico,LINK
Island Spirit,ISX,IP,Iceland,
Orbest,OBS,,Portugal,ORBEST
Air Century,CEY,,Dominican Republic,
Regional Paraguaya,REP,P7,Paraguay,REGIOPAR
EasyFly,EFY,,Colombia,EASYFLY
CEIBA Intercontinental,CEL,,Equatorial Guinea,CEIBA LINE
AlMasria Universal Airlines,LMU,UJ,Egypt,ALMASRIA
KoralBlue Airlines,KBR,K7,Egypt,KORAL BLUE
Wind Rose Aviation,WRC,,Ukraine,WIND ROSE
Elysian Airlines,GIE,E4,Cameroon,
Hellenic Imperial Airways,IMP,HT,Greece,IMPERIAL
Amsterdam Airlines,AAN,WD,Netherlands,AMSTEL
Arik Niger,NAK,Q9,Niger,
STP Airways,STP,8F,Sao Tome and Principe,SAOTOME AIRWAYS
Skyjet Airlines,SJU,UQ,Uganda,SKYJET
Royal Falcon,RFJ,RL,Jordan,
Euroline,MJX,4L,Georgia,GEO-LINE
Worldways,WGC,WG,Canada,
Viking Hellas,VKH,VQ,Greece,DELPHI
Norlandair,FNA,,Iceland,NORLAND
Euro Harmony,EHM,EH,Portugal,
Gadair European Airlines,GDR,GP,Spain,GADAIR
Spirit of Manila Airlines,MNP,SM,Philippines,MANILA SKY
Chongqing Airlines,CQN,OQ,China,CHONG QING
Grand China Air,GDC,,China,GRAND CHINA
West Air China,CHB,PN,China,WEST CHINA
QatXpress,QAX,C3,Qatar,
OneChina,1CH,1C,China,
Joy Air,JOY,JR,China,JOY AIR
Fars Air Qeshm,QFZ,,Iran,FARS AIR
Parmiss Airlines (IPV),IPV,PA,Iran,IPV
EuropeSky,EUV,ES,Germany,EuropeSky
BRAZIL AIR,BZE,GB,Brazil,BRAZIL AIR
Homer Air,OME,MR,Germany,
Court Line,???,??,United Kingdom,
South West Africa Territory Force,***,??,Namibia,
Lombards Air,---,++,South Africa,
U.S. Air,--+,-+,United States,
Flitestar,===,GM,South Africa,
Jayrow,\\'\\,\\',Australia,
Llloyd Helicopters,:::,::,Australia,
PanAm World Airways,PQW,WQ,United States,
Virginwings,VWA,YY,Germany,
KSY,KSY,KY,Greece,KSY
Buquebus Líneas Aéreas,BQB,BQ,Uruguay,
SOCHI AIR,KOL,CQ,Russia,SLOW FROG
Wizz Air Ukraine,WAU,WU,Ukraine,WIZZAIR UKRAINE
88,VVN,47,Cyprus,
LCM AIRLINES,LMM,LQ,Russia,
Aero Brazil,BZL,BZ,Brazil,
THREE,T33,H3,China,
Tom\\'s & co airliners,T&O,&T,France,T&
Azul,AZU,AD,Brazil,
LSM Airlines,LOO,PQ,Russia,slowbird
LionXpress,LIX,C4,Cameroon,LIX
Fly Dubai,FDB,FZ,United Arab Emirates,
Domenican Airlines,MDO,D1,Dominican Republic,Domenican
Aereonautica militare,AXZ,JY,Italy,
LSM AIRLINES,YZZ,YZ,Russia,Moscow frog
Aero Lloyd (YP),AEF,YP,Germany,
Zabaykalskii Airlines,ZZZ,ZP,Russia,Lakeair
Marysya Airlines,1QA,M4,Russia,MARSHAK AIR
Zuliana de Aviacion,ULA,OD,Venezuela,
Black Stallion Airways,BSA,BZ,United States,Stallion
German International Air Lines,GER,GM,Germany,
TrasBrasil,TBZ,TB,Brazil,
TransBrasil Airlines,THS,TH,Brazil,
Air Mekong,MKG,P8,Vietnam,Air Mekong
Air Hamburg (AHO),AHO,HH,Germany,Air Hamburg
ZABAIKAL AIRLINES,ZTT,Z6,Russia,BAIKAL
TransHolding,THI,TI,Brazil,
Serbian Airlines,SA1,S1,Serbia,
TransHolding System,TYS,YO,Brazil,
CCML Airlines,CCC,CB,Colombia,
Fly Brasil,FBL,F1,Brazil,FBL
CB Airways UK ( Interliging Flights ),CIF,1F,United Kingdom,
Fly Colombia ( Interliging Flights ),3FF,3F,Colombia,
Trans Pas Air,TP6,T6,United States,
Himalayan Airlines,HYM,HC,Nepal,Himalayan
Indya Airline Group,IG1,G1,India,Indya1
Japan Regio,ZXY,ZX,Japan,
Sky Regional,SKV,RS,Canada,Sky Regional
LSM International,UWW,II,Russia,moose
Baikotovitchestrian Airlines,BUU,BU,American Samoa,
Luchsh Airlines,LJJ,L4,Russia,russian sky
Mongolian International Air Lines,ZTF,7M,Mongolia,Mongol_AIr
Tway Airlines,TWB,TW,South Korea,TWAY AIR
Jusur airways,JSR,JX,Egypt,
NEXT Brasil,NXB,XB,Brazil,XB
AeroWorld,WER,W4,Russia,sovet
Usa Sky Cargo,ES2,E1,United States,USKY
Hankook Airline,HNX,HN,South Korea,HNX
Hellenic Airways,HEY,1H,Greece,Hellenic
Sprintair,SRN,,Poland,
Marusya Airways,MRS,Y8,Russia,snowball
Era Alaska,ERR,7H,United States,ERAH
AirRussia,RRJ,R8,Russia,russiancloud
Hankook Air US,HA1,H1,United States,
Canadian World,CNN,10,Canada,Canadian
I-Fly,RSY,H5,Russia,RUSSIAN SKY
Kar-Air,KAR,,Finland,
VickJet,VKJ,KT,France,Vickjet
Hamburg Airways,HAY,,Germany,
Salsa d\\'Haiti,SLC,SO,Haiti,SALSA
Air Explore,AXE,,Slovakia,
TROPICAL LINHAS AEREAS,TP3,T1,Brazil,
12 North,N12,12,India,12N
Air Bucharest,BUR,,Romania,
AlbaStar,LAV,,Spain,
Mauritania Airlines International,MAI,L6,Mauritania,
MAT Airways,MKD,6F,Macedonia,
Asian Wings Airways,AWM,AW,Burma,Asian Star
Air Arabia Egypt,RBG,E5,Egypt,
Orchid Airlines,ORC,OI,Australia,
Asia Wings,AWA,Y5,Kazakhstan,
Nile Air,NIA,NP,Egypt,NILEBIRD
Senegal Airlines,SGG,DN,Senegal,
Copenhagen Express,CX0,0X,Denmark,Copex
BusinessAir,BCC,8B,Thailand,
Sky Wing Pacific,CR7,C7,South Korea,
Air Indus,AI0,PP,Pakistan,AIPL
Samurai Airlines,770,07,Pakistan,Sam
AirOne Continental,000,00,Slovakia,Eastern
AirOne Polska,001,U1,Poland,AOC
Malaysia Wings,MWI,,Malaysia,MWI
Aviabus,ABI,U1,Russia,
Michael Airlines,MJG,DF,Puerto Rico,MJG
Korongo Airlines,KGO,ZC,Congo (Kinshasa),KORONGO
Indonesia Sky,IDS,I5,Indonesia,
Aws express,666,B0,United States,aws
Southjet,SJS,76,United States,
Southjet connect,ZCS,77,United States,
Southjet cargo,XAN,78,United States,
Iberia Express,IBS,I2,Spain,
Nordic Global Airlines,NGB,NJ,Finland,Nordic Global
Scoot,SCO,TZ,Singapore,
Starling Airlines Spain,STS,SX,Spain,STARLING
Zenith International Airline,ZNA,ZN,Thailand,ZENITH
Orbit Airlines Azerbaijan,OAB,O1,Azerbaijan,Orbitaz
RusJet,RSJ,,Russia,
VietJet Air,VJC,,Vietnam,VIETJETAIR
Vision Airlines (V2),RBY,V2,United States,RUBY
AirAsia Japan,WAJ,,Japan,WING ASIA
Yellowtail,YEL,YE,United States,
Royal Airways,RAW,KG,United States,RAW
FlyHigh Airlines Ireland (FH),FHI,FH,Ireland,FLYHIRELAND
Hebei Airlines,HBH,,China,Hebei Air
Air KBZ,KBZ,,Burma,Air KBZ
T.J. Air,TJA,TJ,United States,T.J. Air
ValueJet,VJA,J7,United States,CRITTER
CheapFlyingInternational,FQR,WL,France,cheapflying
AirOne Atlantic,AO1,00,Slovakia,
Nesma Airlines,NMA,,Egypt,Nesma Airlines
Royal Southern Airlines.,RS1,R1,Colombia,RSA
Rotana Jet,RJD,,United Arab Emirates,ROTANA
SOCHI AIR CHATER,QER,Q3,Russia,russian doll
Malindo Air,MXD,OD,Malaysia,Malindo
Tramm Airlines,TLM,9F,Netherlands Antilles,9F
3 Valleys Airlines,VA3,3V,France,3 Valleys
Maryland Air,M1F,M1,United States,Maryland Flight
VivaColombia,VVC,5Z,Colombia,
Flybe Finland Oy,FCM,,Finland,FINNCOMM
Bingo Airways,BGY,,Poland,
Bluebird Airways (BZ),BBG,,Greece,
Apache Air,IWA,ZM,United States,APACHE
Jettor Airlines,JTO,NR,Hong Kong,JETHAPPY
GoDutch,GOD,GD,Netherlands,
Deutsche Luftverkehrsgesellschaft,DLT,DW,Germany,
Golden Myanmar Airlines,GMR,,Burma,Golden Myanmar
Canaryfly,CNF,,Spain,
Sunrise Airways,KSZ,,Haiti,
National Air Cargo,NCR,N8,United States,
Eastern Atlantic Virtual Airlines,EAV,13,United States,EAVA
Gulisano airways,GU1,GU,Italy,
Caribbean Wings,ZYZ,XP,Turks and Caicos Islands,caribbean Wings
Snowbird Airlines,SBD,S8,Finland,
Kharkiv Airlines,KHK,KH,Ukraine,
XAIR USA,XAU,XA,United States,XAIR
Global Freightways,GF5,F5,United States,Freight
XPTO,XPT,XP,Portugal,XPTO
Yeti Airlines,NYT,,Nepal,
Avilu,...,..,Switzerland,
Air Serbia,ASL,JU,Serbia,AIR SERBIA
Air Lituanica,LTU,LT,Lithuania,LITUANICA
Envoy Air,ENY,,United States,Envoy
Rainbow Air (RAI),RAB,RN,United States,Rainbow
Rainbow Air Canada,RAY,RY,Canada,Rainbow CAN
Rainbow Air Polynesia,RPO,RX,United States,Rainbow Air
Rainbow Air Euro,RUE,RU,United Kingdom,Rainbow Air
Rainbow Air US,RNY,RM,United States,Rainbow Air
Dobrolet,DOB,QD,Russia,DOBROLET
Spike Airlines,SAL,S0,United States,Spike Air
Grand Cru Airlines,GCA,,Lithuania,
Go2Sky,RLX,,Slovakia,RELAX
All Argentina,AL1,L1,Argentina,
All America,AL2,A2,United States,
All Asia,AL3,L9,China,
All Africa,99F,9A,South Africa,
Regionalia México,J88,N4,Mexico,
All Europe,N99,N9,United Kingdom,
All Spain,N77,N7,Spain,
Regional Air Iceland,N78,9N,Iceland,
British Air Ferries,??!,??,United Kingdom,
Voestar,K88,8K,Brazil,
All Colombia,7KK,7O,Colombia,
Regionalia Uruguay,2K2,2X,Uruguay,
Regionalia Venezuela,9XX,9X,Venezuela,
Regionalia Chile,CR1,9J,Chile,
Vuela Cuba,6CC,6C,Cuba,
All Australia,8K8,88,Australia,
Fly Europa,RWW,ER,Spain,
FlyPortugal,FPT,PO,Portugal,FlyPortugal
Spring Airlines Japan,SJO,IJ,Japan,
Dense Airways,DWA,KP,United States,DENSE
Dense Connection,DC2,KZ,United States,DC2
Vuola Italia,VI4,4S,Italy,
Fly Jamaica Airways,FJM,,Jamaica,Greenheart
All Argentina Express,Z9H,Z0,Argentina,
All America AR,M7A,2R,Argentina,
All America CL,R1R,1R,Chile,
SOCHI AIR EXPRESS,SAE,Q4,Russia,ADLER EXPRESS
All America BR,A9B,1Y,Brazil,
FRA Air,X9F,X9,Germany,FA
Volotea Costa Rica,VC9,9V,Costa Rica,
Fly Romania,OTJ,X5,Romania,TENDER AIR
All America CO,7ZC,0Y,Colombia,
All America MX,0MM,0M,Mexico,
FOX Linhas Aereas,FOX,FX,Brazil,
Wings of England,"..,",EX,United Kingdom,
Via Conectia Airlines,CZV,6V,Uruguay,
Pobeda,PBD,,Russia,POBEDA
City Airways,GTA,E8,Thailand,CITY AIR
Norwegian Long Haul AS,NLH,DU,Norway,NORSTAR
TransNusa Air,TNU,M8,Indonesia,TRANSNUSA
Tomp Airlines,T9P,ZT,Chile,
Fuzhou Airlines,FZA,,China,
Sky Angkor Airlines (ZA),SWM,,Cambodia,SKY ANGKOR
Global Airlines,GA0,0G,Argentina,
Mann Yadanarpon Airlines,MYP,,Burma,MANN ROYAL
Air Vistara,VTI,UK,India,
TransRussiaAirlines,RGG,1E,Russia,
REXAIR VIRTUEL,RXR,RR,France,Rexair
WestJet Encore,WEN,WR,Canada,Encore
Air Pegasus,PPL,OP,India,
International Europe,INE,9I,Spain,
Sky Regional Airlines,SKV,,Canada,Maple
V Air,VAX,ZV,Taiwan,
Naka Nihon Airlines Service,ALS,NV,Japan,
Boutique Air (Priv),BTQ,4B,United States,
FlyEgypt,FEG,,Egypt,
VOLOTEA Airways,VOE,V7,Spain,
Aguilar Connect,GUI,3X,Chile,Moonexpress
ROYAL BRITAIN,ROB,7V,United Kingdom,
INAVIA Internacional,IIR,Z5,Argentina,
Liberty Airways,LTY,LE,United States,
Bassaka airlines,BSX,5B,Cambodia,5B
Jetstar Japan,JJP,,Japan,ORANGE LINER
AtlasGlobal Ukraine,UJX,,Ukraine,Atlas Ukraine
Boliviana de Aviacion (OB),BOV,,Bolivia,BOLIVIANA
US-Bangla Airlines,UBG,,Bangladesh,
VIA Líneas Aéreas,VIA,V1,Argentina,
Palair Macedonia,PMK,3D,Macedonia,
GermanXL,GXG,GX,Germany,
Indonesa Air Aisa X,IDX,,Indonesia,Red Phoenix
Fly France,FRF,FF,France,
Europe Jet,EU9,EX,France,
Deutsche Luftverkehrsgesellschaft (DLT),DWD,DW,Germany,
World Scale Airlines,WSS,W3,United States,
All America US,SSA,AG,United States,
Aruba Airlines,ARU,,Aruba,
BudgetAir,BG1,1K,Germany,
Dynamic Airways,DYA,,United States,
Fly One,FI5,F5,Moldova,
Tez Jet Airlines,TEZ,,Kyrgyzstan,
ViaAir,SRY,,United States,Stingray
All America BOPY,PYB,0P,Paraguay,BOPY
Thai Vietjet Air,TVJ,,Thailand,THAIVIET JET
Air Andaman (2Y),AOW,2Y,Thailand,AIR ANDAMAN
GX Airlines,CBG,,China,SPRAY
Svyaz Rossiya,SJM,7R,Russia,RussianConnecty
OAG,ABC,CR,,
Compass Cargo Airlines,ADZ,,,
Africa Airways,AFF,VJ,,
Amakusa Airlines,AHX,MZ,,
Vista Georgia,AJD,GT,,
Akasa Air,AKJ,QP,,
Yanair,ANR,YE,,
Air Peace,APK,P4,,
Air Premia,APZ,YP,,
Anima Wings,AWG,A2,,
Zimex Aviation Austria,AZD,,,
Azimut,AZO,A4,,
Benair,BDI,,,
Brussels Airlines,BEL,SN,,
Binter Canarias,BIX,NT,Spain,BINTER
Beijing Airlines,BJN,CA,,
Air Sicilia,BM,BM,,
Blue Air,BMS,0B,,
Star Air Cargo,BRH,,,
Bairline,BRJ,,,
Buthan Airlines,BTN,B3,,
Bul Air,BVL,,,
Beijing Capital Airlines,CBJ,JD,,
Dalian Airlines,CCD,CA,,
Loong Air,CDC,GJ,,
Cargoair,CGF,,,
Colorful Guizhou Airlines,CGZ,GY,,
China Air Cargo,CHY,ZY,,
Jetlines,CJL,AU,,
Jiangxi Air,CJX,RY,,
Islands Nationair,CN,CN,,
Air China Inner Mongolia,CNM,CA,,
21 Air,CSB,2I,,
China Southern Airlines Cargo,CSG,CZ,,
SF Airlines,CSS,O3,,
Tianjin Air Cargo,CTJ,HT,,
Citrus Airlines,CTU,,,
Urumqi Air,CUH,UQ,,
AsiaCargo Express,CXM,3G,,
Asian Air,DEX,DM,,
Diamond Sky,DMS,,,
Aero Dili,DTL,8G,,
Divi Divi Air,DVR,,,
Arajet,DWI,DM,,
Linea Aerea Eco Jet S.A.,ECO,8J,,
Endeavor Air,EDV,9E,,
Eagle Air,EFL,,,
BA Euroflyer,EFW,A0,,
easyJet Europe,EJU,EC,,
Eleron Aviation,ELE,,Russia,
Aero K,EOK,RF,,
Equus Flight,EQX,,Portugal,
Ernest Airlines,ERN,EG,,
East Air,ETJ,EG,,
Estelar,ETR,ES,,
EWA Air,EWR,ZD,,
Zest Airways,EZD,Z2,,
EZ Air,EZR,7Z,,
easyJet Switzerland,EZS,DS,,
Eagle Express Air Charter,EZX,9A,,
ETF Airways,EZZ,LI,,
FlyBosnia,FBS,6W,,
French Bee,FBU,BF,,
Flybondi,FBZ,FO,,
Southern Airways Express,FDY,9X,,
Far Eastern Air Transport,FEA,FE,,
Fly Georgia,FGE,9Y,,
FlexFlight,FGW,W2,Denmark,FLEXFLIGHT
Freebird Airlines Europe,FHM,MI,,
FlyOne Armenia,FIE,3F,,
Fiji Link,FJA,FJ,,
Fly Jinnah,FJL,9P,,
Fly Jordan,FJR,F0,,
Fastjet Zimbabwe,FJW,FN,,
Fly Montserrat,FMI,5M,Montserrat,
Sky Mali,FML,ML,,
FlyOne Romania,FOE,OE,,
Level,FOO,VK,,
Air Falcon,FPK,,,
Quikjet Cargo Airlines,FQA,QO,,
ACE Belgium Freighters,FRH,X7,,
FlyTor,FTO,,Spain,
Fly 540 Tanzania,FTZ,,,
GullivAir,GBG,G2,,
Gambia Bird,GBQ,3G,,
CargoLogic Germany,GCL,,,
Geo Sky,GEL,D4,,
Airhub Airlines,GJM,,,
GP Aviation,GPX,IV,,
Phoenix Air Group,GRB,PH,,
Costa Rica Green Airways,GW,GW,,
Green Africa Airways,GWG,Q9,,
Holiday Europe,HES,5Q,,
Hi Fly Malta,HFM,3L,,
Greater Bay Airlines,HGB,HB,,
Hi Air,HGG,4H,,
One Air,HGO,HC,,
Intel Air Shuttle,HGT,,,
Himalaya Airlines,HIM,H9,,
Hong Kong Air Cargo,HKC,RH,,
Hello Jets,HLJ,H3,,
Honda Aircraft,HND,,United States,
Air France Hop,HOP,A5,,
Hong Kong Air Cargo,HPK,RH,Hong Kong,
HiSky Europe,HYS,H4,,
YTO Cargo Airlines,HYT,YG,,
Cargolux Italia,ICV,C8,,
Georgian Airlines,IGT,GH,,
Intairline,ITI,,,
ITA Airways,ITY,AZ,,
JetSMART Perú,JAP,JZ,,
JD Airlines,JDL,JG,,
JetKonnect,JLL,,,
Jambojet Limited,JMA,JM,,
Business Wings,JMP,,,
Jota Aviation,JOC,,United Kingdom,JOTA
JSX,JSX,XE,,
Jettime,JTD,,,
Jettime Finland,JTF,JO,,
9 Air,JYH,AQ,,
CemAir,KEM,5Z,,
Cambodia Angkor Air,KHV,K6,,
Kalitta Charters II,KII,CB,,
Cambodia Airways,KME,KR,,
Air Connect,KON,KS,,
Karun Airlines,KRU,NV,,
MJets Air,KXP,WW,,
Sky Lease Cargo,KYE,GG,,
LAN Cargo,LAE,L7,,
Lauda Motion (Amira Air),LDM,,,
Longhao Airlines,LHA,GI,,
Lufthansa City Airlines,LHX,VL,,
Al Jaber Aviation,LJB,,,
LifeStar,LSJ,,Australia,
LATAM Cargo Brasil,LTG,M3,,
Libyan Wings,LWA,,,
Luxwing,LWG,BN,,
Lumiwings,LWI,L9,,
Marabu Airlines,MBU,DI,,
Avianca Argentina,MCJ,A0,,
Mega Maldives,MEG,LV,,
Med-View Airline,MEV,VL,,
My Freighter,MFX,C6,,
Mavi Gok Aviation,MGH,4M,,
Lanmei Airlines,MKR,LQ,,
ComLux Malta,MLM,,,
Maleth-Aero,MLT,DB,,
Myanmar Airways International,MMA,8M,,
Hunnu Air,MML,MR,,
Malta MedAir,MMO,MM,,
Elite Airways,MNU,,,
Meraj Airlines,MRJ,JI,,
SkyJet Airlines,MSJ,M8,,
MASwings,MWG,MH,,
Maximus Airlines,MXM,6M,,
Breeze Airways,MXY,MX,,
Maya Island Air,MYM,MY,Belize,MYLAND
My Indo Airlines,MYU,2Y,,
SmartLynx Airlines Estonia,MYX,,,
Norfolk Air,N5,N5,,
North Coast Aviation,N9,N9,,
North American Airlines,NAO,NA,,
Norse Atlantic Airways,NBT,N0,,
NokScoot,NCT,XW,,
My Jet Xpress Airlines,NEP,N7,,
Max Air,NGL,VM,,
LEAV Aviation,NGN,KK,,
Armenia Aircompany,NGT,RM,,
New Livingston S.p.A,NLV,JN,,
Norwegian Air Shuttle,NOZ,DY,,
Norwegian Air Sweden,NSZ,D8,,
North-West Air Company,NWC,0E,,
Network Aviation,NWK,QF,,
NyxAir,NYX,,,
ART Aviation,OES,,,
Air Travel,OTC,A6,,
Owenair,OWE,,,
Fly Oya,OYA,YI,,
Pel-Air,PFY,QH,,
Peregrine Air,PGN,,Australia,
Premium Jet,PJZ,,,
MBK-S,PLG,,,
Primera Air Nordic,PRW,PF,,
Prescott,PSK,PM,,
Peruvian Airlines,PVN,P9,,
QantasLink AI,QAI,,Australia,
Qazaq Air,QAZ,IQ,,
Qingdao Airlines,QDA,QW,,
Qeshm Air,QHD,,Iran,
QantasLink / National Jet Systems,QJE,QF,,
QantasLink,QLK,QF,,
Qeshm Airlines,QSM,QB,,
Regent Airways,RGE,,,
Rio Linhas Aéreas,RIO,RL,,
Ruili Airlines,RLH,DR,,
Raya Airways,RMY,TH,,
Red Sea Airlines,RSX,4S,,
Ryanair UK,RUK,RK,,
Ravn Alaska,RVF,7H,,
SprintAir Cargo,SAR,,,
Star Air,SDG,OG,,
SereneAir,SEP,ER,,
SaudiGulf Airlines,SGQ,6S,,
Sharp Airlines,SH,SH,,
Sideral Linhas Aéreas,SID,,,
Air Sial,SIF,PF,,
Super Air Jet,SJV,IU,,
STARLUX Airlines,SJX,JX,,
SkyLink Express,SLQ,,,
SkyUp Airlines,SQP,,,
KrasAvia,SSJ,KI,,
Siavia,SVB,,,
SunExpress Germany,SXD,XG,,
Air Senegal,SZN,HC,,
SAS Connect,SZS,SL,,
Avianca El Salvador,TAI,TA,,
Tsaradia,TDS,TZ,,
Toll Aviation,TFR,,,
Team Global Express,TFX,,,
Tigerair Australia,TGG,TT,,
Tayran Jet,TJB,,,
GullivAir,TJJ,G2,,
AJet,TKJ,VF,,
Starlink Aviation,TLK,Q4,,
Tasman Cargo Airlines,TMN,HJ,,
Tarco Aviation,TQQ,3T,,
Tigerair Taiwan,TTW,IT,,
Smartwings Poland,TVP,3Z,,
Smartwings Slovakia,TVQ,6D,,
Air-Taxi Europe,TWG,,,
Tailwind Airlines,TWI,TI,,
Solairus Aviation,TWY,,,
Nordstar Airlines,TYA,Y7,,
ZIPAIR Tokyo,TZP,ZG,,
The Cargo Airlines,TZS,,,
Bees Airline,UBE,,,
Norse Atlantic Airways UK,UBT,Z0,,
Uniworld Air Cargo,UCG,U7,,
Uganda Airlines,UGD,UR,,
European Cargo,URO,SE,,
Silk Road Cargo Business,URS,S9,,
USC,USY,XG,,
Uni-Top Airlines,UTP,UW,,
Panorama Airways,UZP,5P,,
Fly2Sky,VAW,F6,,
ALK Airlines,VBB,,,
Sabaidee Airways,VGO,,,
Volaris Costa Rica,VOC,Q6,,
Viva Air Perú,VPE,VV,,
Varesh Airlines,VRH,,,
Turpial Airlines,VTU,T9,,
Wataniya Airways,WAN,KW,,
Wizz Air Abu Dhabi,WAZ,5W,United Arab Emirates,WIZZ SKY
World Cargo Airlines,WCM,3G,,
World2Fly,WFL,2W,,
Western Global Airlines,WGN,KD,,
Westjet Encore,WJE,,,
Westline Aviation,WLM,,Nigeria,
Wamos Air,WMA,EB,Spain,WAMOS
Wizz Air Malta,WMT,W4,,
WestJet Encore,WSN,WR,Canada,ENCORE
Wizz Air UK,WSW,W9,United Kingdom,WIZZ GO
Wizz Air UK,WUK,W9,,
XL Airways France,XLF,SE,,
Express Air Cargo,XRC,7A,,
