name,latitude,longitude,is_junction
"Aaiun, Western Sahara",27.0936,-13.4486,0
"Aalborg, Denmark",57.0583,9.9333,0
"Aarhus, Denmark",56.1583,10.225,0
"Aasiaat (Egedesminde), Greenland",68.7092,-52.8867,0
"Abadan, Iran",30.33,48.275,0
"Abenra, Denmark",55.0267,9.4306,0
"Aberdeen, Scotland",57.1417,-2.075,0
"Abidjan, Ivory Coast",5.3167,-4.0306,0
"Abraham Bay, Mayaguana Island, Bahamas",22.3167,-73.0556,0
"Abu Dhabi, United Arab Emirates",24.5703,54.3303,0
"Acajutla, El Salvador",13.5833,-89.85,0
"Acapulco, Mexico",16.8417,-99.925,0
"Accra, Ghana",5.5167,-0.2,0
"Ad Damman, Saudi Arabia",26.5167,50.2,0
"Aden, Yemen",12.7944,44.9833,0
"Agadir, Morocco",30.425,-9.6264,0
"Ajaccio, Corsica",41.9278,8.7519,0
"Akita, Japan",39.7583,140.0333,0
"Akureyri, Iceland",65.6833,-18.0667,0
"Al Aqabah, Jordan",29.5208,34.9986,0
"Al Basrah, Iraq",30.525,47.8417,0
"Al Jubayl, Saudi Arabia",27.0167,49.7,0
"Al Latakia, Syria",35.5278,35.7597,0
"Al Manamah, Bahrain",26.2833,50.5417,0
"Albany, Australia",-35.0444,117.9,0
"Albany, New York, U.S.A.",42.6317,-73.755,0
"Albatross Bay, Australia",-12.69,141.5492,0
"Aleksandrovsksakhalinskiy, Russia",50.9,142.1167,0
"Alesund, Norway",62.4683,6.1575,0
"Alexandria, Egypt",31.1781,29.8578,0
"Alexandroupolis, Greece",40.8333,25.8833,0
"Algeciras, Spain",36.125,-5.4417,0
"Algiers, Algeria",36.7806,3.0697,0
"Alicante, Spain",38.3333,0.4836,0
"Almeria, Spain",36.825,-2.4633,0
"Almirante, Panama",9.2867,-82.3922,0
"Altagracia, Venezuela",10.7083,-71.5333,0
"Amagasaki, Japan",34.6833,135.3833,0
"Amapala, Honduras",13.3,-87.6583,0
"Ambon, Indonesia",-3.6917,128.1736,0
"Amlwch, Wales",53.4486,-4.3025,0
"Amsterdam, Netherlands",52.3833,4.9,0
"Amuay, Venezuela",11.7442,-70.2322,0
"Anacortes, Washington, U.S.A.",48.5133,-122.5883,0
"Anan, Japan",33.8767,134.7389,0
"Ancona, Italy",43.6228,13.505,0
"Anecho, Togo",6.2208,1.5931,0
"Ango Ango, Congo",-5.8417,13.4333,0
"Angra Dos Reis, Brazil",-23.0167,-44.3117,0
"Annaba, Algeria",36.9,7.7719,0
"Annapolis, Maryland, U.S.A.",38.9833,-76.4792,0
"Antalya, Turkey",36.8394,30.6333,0
"Antibes, France",43.5917,7.1339,0
"Antilla, Cuba",20.825,-75.75,0
"Antofagasta, Chile",-23.65,70.4222,0
"Antwerp, Belgium",51.2333,4.4,0
"Aomori, Japan",40.8361,140.7417,0
"Apapa, Nigeria",6.3731,3.4042,0
"Aparri, Philippines",18.3708,121.6125,0
"Apia, Samoa",-13.8167,-171.7583,0
"Apra, Guam, Mariana Islands",13.45,144.6167,0
"Aracaju, Brazil",-10.9814,-36.9906,0
"Arbatax, Italy",39.9444,9.7125,0
"Ardrossan, Scotland",55.6417,-4.825,0
"Arendal, Norway",58.4583,8.775,0
"Argentia, Canada",47.3,-53.9833,0
"Argostolion, Greece",38.1397,20.4597,0
"Arica, Chile",-18.4667,-70.3333,0
"Arkhangel’Sk, Russia",64.5333,40.5167,0
"Arrecife De Lanzarote, Canary Islands",28.9542,-13.5364,0
"Aruba, Netherlands",12.4292,-69.9083,0
"Arzew, Algeria",35.8583,-0.3,0
"As Salif, Yemen",15.3,42.6667,0
"As Sukhayrah, Tunisia",34.3,10.15,0
"Ash Shuwaykh, Kuwait",29.3558,47.9356,0
"Ashdod, Israel",31.85,34.65,0
"Assab, Ethiopia",13.0,42.7583,0
"Assens, Denmark",55.2708,9.8853,0
"Astoria, Oregon, U.S.A.",46.1944,-123.8333,0
"Atucha, Argentina",-34.5833,-58.3667,0
"Atumi, Japan",34.6631,137.0817,0
"Au-Ao Chaing, Taiwan",24.6,121.8667,0
"Auckland, Newzealand",-36.8333,174.7833,0
"Augusta, Sicily",37.2267,15.2153,0
"Avarua, Cook Islands",-21.1917,-159.7667,0
"Aveiro, Portugal",40.6556,-8.7944,0
"Aviles, Spain",43.75,-5.9167,0
"Avonmouth, England",51.5083,-2.7167,0
"Ayios Nikolaos, Greece",35.1939,25.7222,0
"Ayn Sukhnah, Egypt",29.5631,32.4286,0
"Az Zarqa Island, United Arab Emirates",25.0,53.0556,0
"Bachaquero, Venezuela",9.9458,-71.15,0
"Bagnoli, Italy",40.8042,14.1667,0
"Bahia Blanca, Argentina",-38.7958,-62.2667,0
"Bahia De Las Calderas, Dominican Republic",18.225,-70.525,0
"Bahia De Samana, Dominican Republic",19.1667,-69.2167,0
"Bahia Honda, Cuba",22.9556,-83.175,0
"Baie Taio-Hae, Marquesa Islands",-8.9333,-140.0833,0
"Bajo Grande, Venezuela",10.5083,-171.6,0
"Baker Island, North Pacific",0.225,-176.4667,0
"Balboa, Panama",8.9583,-79.5708,0
"Balikpapan, Kalimantan, Indonesia",-1.2667,116.8083,0
"Baltimore, Maryland, U.S.A.",39.2667,-76.575,0
"Banana, Congo",-6.0419,12.3778,0
"Bandar Abbas, Iran",27.1333,56.3167,0
"Bandar Al Mishab, Saudi Arabia",28.1683,48.7103,0
"Bandar Khomeini, Iran",30.4417,49.0833,0
"Bandar-E Mah Shahr, Iran",30.4611,49.175,0
"Bandjermasin, Kalimantan, Indonesia",-3.3333,114.55,0
"Banes, Cuba",20.9222,-75.7056,0
"Banghazi, Libya",32.1147,20.0517,0
"Bangkok, Thailand",13.7167,100.5167,0
"Baniyas, Syria",35.1833,35.95,0
"Banjul, Gambia",13.5286,-16.5847,0
"Bantry Bay, Ireland",51.6833,-9.45,0
"Banzart, Tunisia",37.2369,9.85,0
"Bar, Montenegro",42.0853,19.0906,0
"Baracoa, Cuba",20.3583,-74.5042,0
"Barahona, Dominican Republic",18.2083,-71.0583,0
"Barbers Point, Hawaii, U.S.A.",21.2808,-158.1,0
"Barcelona, Spain",41.3667,2.1833,0
"Barcelona, Venezuela",10.1667,-64.7333,0
"Bari, Italy",41.1394,16.8594,0
"Barranquilla, Colombia",10.9667,-74.7583,0
"Barrosso Terminal, Brazil",-23.8,-45.4,0
"Barrow In Furness, England",54.0917,-3.225,0
"Barrow Island, Australia",-20.8083,115.5583,0
"Barry, Wales",51.3944,-3.2583,0
"Basra, Iraq",30.5,47.8167,0
"Basse-Terre, Guadeloupe",15.9958,-61.7375,0
"Bassein, Burma",16.7833,94.7333,0
"Bassens, France",44.9,-0.5375,0
"Basseterre, Saint Kitts And Nevis",17.2917,-62.7167,0
"Bastia, Corsica",42.6958,9.4583,0
"Basuo Gang, China",19.1083,108.6167,0
"Bata, Equatorialguinea",1.8742,9.7597,0
"Batangas, Luzon, Philippines",13.7556,121.0333,0
"Bath, Maine, U.S.A.",43.9,-69.8083,0
"Baton Rouge, Louisiana, U.S.A.",30.45,-91.1,0
"Bat’Umi, Georgia",41.6461,41.6475,0
"Bayonne, France",43.4944,-1.475,0
"Bayonne, New Jersey, U.S.A.",40.6833,-74.0167,0
"Baytown, Texas, U.S.A.",29.7275,-96.0225,0
"Beaumont, Texas, U.S.A.",30.0778,-94.0861,0
"Bee Ness, England",51.4217,0.65,0
"Beihai, China",21.4833,109.0333,0
"Beira, Mozambique",-19.825,34.825,0
"Beirut, Lebanon",33.9033,35.5128,0
"Bejaia, Algeria",36.75,5.0917,0
"Belawan, Indonesia",3.7833,98.6778,0
"Belem, Brazil",-1.45,-48.5056,0
"Belfast, Northern Ireland",54.6167,-5.9,0
"Belize, Belize",17.4667,-88.1833,0
"Bellingham, Washington, U.S.A.",48.75,-122.5,0
"Belomorsk, Russia",64.5333,34.8,0
"Benicia, California, U.S.A.",38.0417,-122.1333,0
"Berbera, Somalia",10.4417,45.0167,0
"Bergen, Norway",60.4,5.3167,0
"Bhavnagar, India",21.8042,72.15,0
"Bikini, Marshall Islands",11.525,165.55,0
"Bilbao, Spain",43.3417,-3.0333,0
"Bilhoroddnistrovs’Kyy, Ukraine",46.1925,30.3653,0
"Bishop Rock, England",49.75,-6.5833,0
"Bissau, Guinea-Bissau",11.85,-15.6333,0
"Bjornoya, Svalbard",74.4958,19.2083,0
"Blaye, France",45.125,-0.6708,0
"Bluff Harbor, New Zealand",-46.5972,168.3417,0
"Blyth, England",55.1292,-1.5,0
"Boca De Tanamo, Cuba",20.7,-75.3333,0
"Boca Grande, Florida, U.S.A.",26.6667,-82.3242,0
"Bocas Del Toro, Panama",9.3333,-82.2333,0
"Bodo, Norway",67.2833,14.375,0
"Bohang, South Korea",36.0458,129.3917,0
"Boma, Congo",-6.0111,12.2736,0
"Bombay, India",18.9333,72.85,0
"Bonny, Nigeria",4.4558,7.1728,0
"Bordeaux, France",44.85,-0.5667,0
"Boston, Massachusetts, U.S.A.",42.3667,-71.05,0
"Botas, Turkey",36.8436,35.9514,0
"Botwood, Canada",49.15,-55.34,0
"Boulogne, France",50.725,1.6,0
"Bowen, Australia",-20.025,148.25,0
"Bowling, Scotland",55.9292,-4.4853,0
"Brake, Germany",53.3319,8.4917,0
"Brass River (Offshore Terminal), Nigeria",4.0667,6.2881,0
"Bremen, Germany",53.1083,8.75,0
"Bremerhaven, Germany",53.55,8.5583,0
"Bremerton, Washington, U.S.A.",47.5583,-122.6333,0
"Brest, France",48.375,-4.55,0
"Brevik, Norway",59.05,9.6917,0
"Bridgeport, Connecticut, U.S.A.",41.1717,-73.18,0
"Bridgetown, Barbados",13.0833,-59.6167,0
"Brighton, Trinidad",10.2594,-61.6272,0
"Brindisi, Italy",40.6417,17.9508,0
"Brisbane, Australia",-27.4667,153.0583,0
"Bristol, England",51.45,-2.625,0
"Brixham, England",50.4158,-3.4617,0
"Brooklyn, New York, U.S.A.",40.6667,-74.0167,0
"Broome, Australia",-17.9833,122.1667,0
"Brownsville, Texas, U.S.A.",25.9517,-97.4,0
"Brugge, Belgium",51.2236,3.2236,0
"Brunswick, Georgia, U.S.A.",31.1333,-81.4944,0
"Brussels, Belgium",50.8333,4.3333,0
"Bruxelles, Belgium",50.8333,4.3333,0
"Buchanan, Liberia",5.8583,-10.0583,0
"Buckner Bay, Okinawa Jima, Ryukyu Islands",26.2833,127.8833,0
"Buenaventura, Colombia",3.9,-77.075,0
"Buenos Aires, Argentina",-34.5833,-58.3667,0
"Bukhta Nagayeva, Russia",59.55,150.75,0
"Bukta Shelikhova, Kuril Islands, Russia",50.3833,155.6167,0
"Bunbury, Australia",-33.2972,115.6444,0
"Bundaberg, Australia",-24.7581,152.4592,0
"Bur Ibrahim, Egypt",29.925,32.5417,0
"Bur Safaga, Egypt",26.7333,33.9417,0
"Burea, Sweden",64.6194,21.2403,0
"Burgas, Bulgaria",42.4806,27.4536,0
"Burnie Harbor, Australia",-41.05,145.9167,0
"Burnside, Louisiana, U.S.A.",30.1333,-90.9167,0
"Burutu, Nigeria",5.4292,5.1078,0
"Busan, South Korea",35.1,129.05,0
"Bushehr, Iran",28.975,50.75,0
"Cabedelo, Brazil",-6.9667,-34.8444,0
"Cabimas, Venezuela",10.3833,-71.4667,0
"Cabinda, Cabinda",-5.5333,12.1833,0
"Cadiz, Spain",36.5333,-6.2833,0
"Caen, France",49.1833,-0.3333,0
"Cagliari, Sardinia",39.2083,9.1083,0
"Caibarien, Cuba",22.5333,-79.4667,0
"Cairn Ryan, Scotland",54.9667,-5.0333,0
"Cairns Harbor, Australia",-16.85,145.8167,0
"Calabar, Nigeria",4.9708,8.3167,0
"Calais, France",50.9667,1.85,0
"Calcutta, India",22.55,88.3167,0
"Caldera Bay, Dominican Republic",18.225,-70.525,0
"Caldera, Chile",-27.0625,-70.8417,0
"Caleta Olivia, Argentina",-46.4325,-67.4922,0
"Calicut, India",11.25,75.7333,0
"Callao, Peru",-12.05,-77.1667,0
"Camden, New Jersey, U.S.A.",39.95,-75.1333,0
"Camp Lloyd, Greenland",66.9583,-50.9403,0
"Campana, Argentina",-34.0972,-58.9617,0
"Campbeltown, Scotland",55.4314,-5.5439,0
"Campeche, Mexico",19.85,-90.75,0
"Canakkle, Turkey",40.15,26.4,0
"Cannes, France",43.5333,7.0175,0
"Canso Canal (Port Hawbesburg), Canada",45.7125,-61.485,0
"Cap-Haitien, Haiti",19.7667,-72.1917,0
"Cape Cod Canal (North End), Massachusetts, U.S.A.",41.7778,-70.4889,0
"Cape Cod Canal (South End), Massachusetts, U.S.A.",41.6303,-70.6978,0
"Cape Leeuwin, Australia",-34.5333,115.1333,0
"Cape Lopez, Gabon",-0.6286,8.7219,0
"Cape Of Good Hope, South Africa",-34.3667,18.3833,0
"Cape St. Jacques, Vietnam",10.3417,107.0667,0
"Cape Town, South Africa",-33.9,18.4333,0
"Cardenas, Cuba",23.0583,-81.1917,0
"Cardiff, Wales",51.45,-3.15,0
"Caripito, Venezuela",10.1542,-63.0333,0
"Carmen, Mexico",18.6333,-91.8333,0
"Carrickfergus, Northern Ireland",54.6956,-5.7639,0
"Cartagena, Colombia",10.4056,-7.5333,0
"Cartagena, Spain",37.5956,-0.9833,0
"Casablanca, Morocco",33.6167,-7.6,0
"Casilda, Cuba",21.75,-79.9889,0
"Castellon, Spain",39.9692,-0.0275,0
"Castries, St. Lucia",14.0167,-61.0,0
"Castro-Urdiales, Spain",43.3778,-3.2042,0
"Catania, Sicily",37.4931,15.0961,0
"Catia La Mar, Venezuela",10.6083,-67.05,0
"Cayman Brac, Cayman Islands",19.6972,-79.8958,0
"Cebu, Philippines",10.2917,123.9083,0
"Ceuta, Morocco",35.8903,-5.3125,0
"Chah Bahar, Iran",25.3,60.5278,0
"Chalna, Mungla Anchorage,Bangladesh",22.4667,89.5833,0
"Champerico, Guatemala",14.2917,-91.9333,0
"Chanaral, Chile",-26.35,-70.6583,0
"Charleston, South Carolina, U.S.A.",32.7833,-79.9167,0
"Charlotte Amalie, St. Thomas, Virgin Islands",18.3333,-64.9333,0
"Charlottetown, Canada",46.2333,-63.1167,0
"Chatham, Canada",47.0356,-65.4667,0
"Chatham, England",51.4,0.55,0
"Chen-Chang, China",32.2167,110.4,0
"Cherbourg, France",49.65,-1.6167,0
"Chi-Lung, Taiwan",25.1361,121.7333,0
"Chibai, Japan",35.4667,139.9667,0
"Chicoutimi, Canada",48.4333,-71.0603,0
"Chimbote, Peru",-9.0833,-78.6,0
"Chimu Wan, Okinawa Jima, Ryukyu Islands",26.4333,128.0,0
"Chin Hai, South Korea",38.1444,128.4675,0
"Chin-Huang-Tao, China",39.9167,119.6083,0
"Ching-Tao, China",36.0917,120.3167,0
"Chinnampo, North Korea",38.7167,125.4167,0
"Chioggia, Italy",45.2333,12.2917,0
"Chittagong, Bangladesh",22.3125,91.8167,0
"Chongjin, North Korea",41.775,129.825,0
"Christianshaab, Greenland",64.8167,-51.1917,0
"Christiansted, St.Croix",17.7556,-64.7,0
"Christmas Island, Line Islands",1.9667,-157.4667,0
"Churchill, Canada",58.7778,-94.195,0
"Cienfuegos, Cuba",22.1417,-80.45,0
"Ciudad Bolivar, Venezuela",8.1333,-63.55,0
"Civitavecchia, Italy",42.0933,11.7875,0
"Coatzacoalcos, Mexico",18.1333,-94.4125,0
"Cobh, Ireland",51.8472,-8.3,0
"Cochin, India",9.9667,76.2556,0
"Colombo, Sri Lanka",6.95,79.85,0
"Colon, Panama",9.3667,-79.9167,0
"Colonia, Uruguay",-34.5,-57.8708,0
"Come By Chance, Canada",47.8,-54.0236,0
"Comodoro Rivadavia, Argentina",-45.8597,-67.4431,0
"Conakry, Guinea",9.5083,-13.7264,0
"Conchan, Peru",-12.1667,-77.0,0
"Constanta, Romania",44.1656,28.6706,0
"Contrecoeur, Canada",45.8833,-73.2,0
"Coos Bay, Oregon, U.S.A.",43.3706,-124.3833,0
"Copenhagen, Denmark",55.7,12.6017,0
"Coquimbo, Chile",-29.95,-71.35,0
"Cordova, Alaska, U.S.A.",60.5458,-145.775,0
"Corinto, Nicaragua",12.4708,-87.1833,0
"Cork, Ireland",51.9,-8.4583,0
"Corner Brook, Canada",48.9583,-57.9461,0
"Corpus Christi, Texas, U.S.A.",27.8167,-97.4,0
"Corunna, Spain",43.3667,-8.4,0
"Cotonou, Benin",6.35,2.4417,0
"Courtenay Bay, New Brunswick, Canada",45.2703,-66.0431,0
"Covenas, Colombia",9.4167,-75.6861,0
"Cowes, England",50.7678,-1.2975,0
"Cristobal, Panama",9.3667,-79.9167,0
"Cuxhaven, Germany",53.8667,8.7167,0
"Dagu Bar, China",38.9375,117.9792,0
"Dagu, China",38.9875,117.6792,0
"Dakar, Senegal",14.6833,-17.4333,0
"Dalhousie, Canada",48.0542,-66.25,0
"Dalian, China",38.9333,121.65,0
"Dalien, China",38.9333,121.65,0
"Danang, Vietnam",16.1083,108.2,0
"Dar Es Salaam, Tanzania",-6.825,39.2917,0
"Dartmouth, England",50.35,-3.5722,0
"Darwin, Australia",-12.475,130.8333,0
"Das Island, United Arab Emirates",25.1344,52.9236,0
"Davao, Philippines",7.0772,125.6272,0
"Deepwater Point, New Jersey, U.S.A.",39.6933,-75.5117,0
"Delfzijl, Netherlands",53.3417,6.9375,0
"Den Helder, Netherlands",52.9667,4.7561,0
"Derince, Turkey",40.7431,29.825,0
"Devonport, England",50.3667,-4.1833,0
"Dhekelia, Cyprus",34.9661,33.7325,0
"Diamante, Argentina",-32.0633,-60.6567,0
"Diego Garcia, Chagos Archipelago",-7.3111,72.4667,0
"Dieppe, France",49.9494,1.0833,0
"Digby, Canada",44.7106,-65.7742,0
"Dikson, Russia",73.5,80.4667,0
"Djibouti, Djibouti",11.6083,43.1333,0
"Donges, France",47.305,-2.075,0
"Dordrecht, Netherlands",51.8125,4.6542,0
"Douala, Cameroon",4.05,9.6833,0
"Douglas, Isle Of Man",54.15,-4.4667,0
"Dover, England",51.1167,1.3333,0
"Drammen Harbor, Norway",59.7383,10.2422,0
"Dublin, Ireland",53.3458,-6.2167,0
"Dubrovnik, Croatia",42.64,18.1153,0
"Dudinka, Russia",69.4,86.1667,0
"Dumai, Indonesia",1.7,101.4667,0
"Dun Laoghaire, Ireland",53.3028,-6.1278,0
"Dundee, Scotland",56.4625,-2.9444,0
"Dunedin, New Zealand",-45.8833,170.5167,0
"Dunkerque, France",51.05,2.3667,0
"Durban, South Africa",-29.8667,31.0333,0
"Durres, Albania",41.3042,19.4542,0
"Dutch Harbor, Alaska, U.S.A.",53.9,-166.5,0
"East London, South Africa",-33.025,27.9083,0
"Easter Island, South Pacific",-27.1417,-109.4417,0
"Egedesminde, Greenland",68.7092,-52.8867,0
"Egersund, Norway",58.45,6.0,0
"Eilat, Israel",29.545,34.95,0
"El Aaiun, Western Sahara",27.0936,-13.4486,0
"El Ferrol Del Caudillo, Spain",43.475,-8.25,0
"El Jadida, Morocco",33.2569,-8.5,0
"El Segundo, California, U.S.A.",33.9092,-118.4586,0
"Emden, Germany",53.35,7.2,0
"Enderbury Island, Phoenix Islands",-3.1333,-171.1,0
"Eniwetak, Marshall Islands",11.4308,162.3583,0
"Ensenada, Mexico",31.8583,-116.6333,0
"Ensted, Denmark",55.0833,9.4167,0
"Es Sider, Libya",30.6333,18.3667,0
"Esbjerg, Denmark",55.4583,8.4417,0
"Escravos, Nigeria",5.54,4.995,0
"Esmeraldas, Ecuador",1.0242,-79.66,0
"Esperance, Australia",-33.8667,121.9078,0
"Eureka, California, U.S.A.",40.8,-124.1667,0
"Everett, Washington, U.S.A.",47.9814,-122.235,0
"Faaborg, Denmark",55.0944,10.2394,0
"Faborg, Denmark",55.0944,10.2394,0
"Faeringehavn, Greenland",63.6833,-51.5667,0
"Fall River, Massachusetts, U.S.A.",41.7058,-71.1667,0
"Falmouth, England",50.1556,-5.0583,0
"Famagusta, Cyprus",35.1222,33.9444,0
"Fanning Island, North Pacific",3.8583,-159.3625,0
"Farge, Germany",53.2,8.5167,0
"Farsund, Norway",58.0944,6.8083,0
"Faslane Bay, Scotland",56.0667,-4.8167,0
"Fastnet Rock, Ireland",51.3333,-9.6,0
"Fateh Terminal, United Arab Emirates",25.6,54.5167,0
"Fecamp, France",49.7667,0.3625,0
"Felixstowe, England",51.9489,1.3167,0
"Felton, Cuba",20.8333,-75.7333,0
"Fernandina, Florida, U.S.A.",30.6833,-81.4611,0
"Fernando De Noronha, Brazil",-3.8333,-32.4167,0
"Fethiye, Turkey",36.625,29.1222,0
"Figuera Da Foz, Portugal",40.1397,-8.8772,0
"Fishguard, Wales",52.0083,-4.975,0
"Fiumicino, Italy",41.7347,12.1603,0
"Fleetwood, England",53.9167,-3.0,0
"Flekkefjorden, Norway",58.2931,6.6583,0
"Flensburg, Germany",54.7972,9.4375,0
"Florida Straits, U.S.A.",24.4167,-83.0,0
"Flotta Terminal, Scotland",58.8706,-3.1117,0
"Flushing, Netherlands",51.4417,3.6,0
"Flying Fish Cove, Christmas Island",-10.4167,105.7167,0
"Forcados Offshore Terminal, Nigeria",5.1667,5.1458,0
"Fort Dauphin, Madagascar",-25.0167,47.0167,0
"Fort De France, Martinique",14.6,-61.0708,0
"Fort Lauderdale, Florida, U.S.A.",26.0933,-80.08,0
"Fort-Liberate, Haiti",19.6917,-71.8389,0
"Fortaleza, Brazil",-3.7,-38.5167,0
"Fray Bentos, Uruguay",-33.1161,-58.3325,0
"Fredericia, Denmark",55.5625,9.7597,0
"Frederickshaab, Greenland",61.9833,-49.7167,0
"Frederikshavn, Denmark",57.4333,10.5542,0
"Frederiksted, St. Croix",17.7167,-64.8889,0
"Fredrikstad, Norway",59.2028,10.95,0
"Freeport, Bahamas",26.5167,-78.7792,0
"Freetown, Sierraleone",8.5,-13.2333,0
"Fremantle, Australia",-32.05,115.7389,0
"Fu-Chou, China",26.0583,119.3167,0
"Fujayrah, United Arab Emirates",25.15,56.4458,0
"Funafuti, Tuvalu",-8.5125,179.2042,0
"Funchal, Madeira Island",32.6333,-16.9083,0
"Fuzhou, China",26.0583,119.3167,0
"Gaeta, Italy",41.2167,13.5833,0
"Galeota Point, Trinidad",10.1319,-61.0153,0
"Galle, Sri Lanka",6.0292,80.2222,0
"Gallipoli, Italy",40.0333,17.9833,0
"Galveston, Texas, U.S.A.",29.3167,-94.7833,0
"Galway, Ireland",53.25,-9.05,0
"Gamba, Gabon",-2.8256,9.9461,0
"Gavle, Sweden",60.6911,17.2306,0
"Gdansk, Poland",54.3667,18.6667,0
"Gdynia, Poland",54.5333,18.55,0
"Gebe Island, Indonesia",-0.0639,129.3789,0
"Geelong, Australia",-38.1333,144.3667,0
"Gela, Italy",37.0597,14.2311,0
"Gelibolu, Turkey",40.405,26.6667,0
"Gemlick, Turkey",40.4294,29.1517,0
"General Santos City, Philippines",6.1042,125.1686,0
"Genova, Italy",44.3978,8.9222,0
"Georgetown, Ascension Island",-7.9167,-14.4167,0
"Georgetown, Guyana",6.8167,-58.1667,0
"Geraldton, Australia",-28.7833,114.5833,0
"Ghazaouet, Algeria",35.105,-1.8583,0
"Ghent, Belgium",51.05,3.7333,0
"Gibara, Cuba",21.1083,-76.1167,0
"Gibraltar, Gibraltar",36.1333,-6.3583,0
"Gijon, Spain",43.55,-50.675,0
"Gizan, Saudi Arabia",16.8875,42.3889,0
"Gladstone Harbor, Australia",-23.8333,151.2583,0
"Glasgow, Scotland",55.8625,-4.3,0
"Gloucester, England",51.8667,-2.2167,0
"Godhavn, Greenland",69.2333,-53.5333,0
"Godthab, Greenland",64.1792,-51.7539,0
"Golcuk, Turkey",40.7333,29.8167,0
"Golfito, Costa Rica",8.6417,-83.175,0
"Gonaives, Haiti",19.45,-72.7,0
"Good Hope, Louisiana, U.S.A.",29.9931,-90.4,0
"Goole, England",53.7,-0.85,0
"Goose Bay, Canada",53.3667,-60.3,0
"Goteborg, Sweden",57.7,11.95,0
"Gothenburg, Sweden",57.7,11.95,0
"Gove Harbor, Australia",-12.1758,136.6453,0
Grand Banks South,42.5,-50.0,0
"Grangemouth, Scotland",56.0333,-3.6889,0
"Granton, Scotland",55.9878,-3.2203,0
"Granville, France",48.8333,-1.6042,0
"Gravesend, England",51.4458,0.375,0
"Greenock, Scotland",55.95,-4.75,0
"Greenville, Liberia",4.9917,-9.0486,0
"Grena, Denmark",56.4125,10.9389,0
"Grimsby, England",53.6,-0.0167,0
"Grimstad, Norway",58.3389,8.6014,0
"Groton, Connecticut, U.S.A.",41.3583,-72.0875,0
"Guanica, Puerto Rico",17.9667,-66.925,0
"Guanta, Venezuela",10.2453,-64.5917,0
"Guantanamo, Cuba",19.9,-75.1833,0
"Guayaquil, Ecuador",-2.2,-79.8833,0
"Guaymas, Mexico",27.9167,-110.9,0
"Guiria, Venezuela",10.5792,-62.2708,0
"Gulfport, Mississippi, U.S.A.",30.3583,-89.0917,0
"Gunsan, South Korea",35.9883,126.7167,0
"Habana, Cuba",23.1333,-82.3417,0
"Hachinohe, Japan",40.5333,141.55,0
"Haderslev, Denmark",55.2533,9.5125,0
"Haifa, Israel",32.8236,35.0,0
"Haines, Alaska, U.S.A.",59.2319,-135.4361,0
"Haiphong, Vietnam",20.8667,106.6833,0
"Hakata, Japan",33.6125,130.3875,0
"Hakodate, Japan",41.7833,140.7167,0
"Hakonsvern, Norway",60.3417,5.2417,0
"Haldia, India",22.0083,88.05,0
"Halifax, Canada",44.65,-63.5667,0
"Halmstad, Sweden",56.6517,12.8433,0
"Halsingborg, Sweden",56.0417,12.6917,0
"Halul Island, Qatar",25.6736,52.4544,0
"Hamburg, Germany",53.5417,10.15,0
"Hamilton, Bermuda",32.2917,-64.7833,0
"Hamina, Finland",60.5111,27.1833,0
"Hammerfest, Norway",70.6667,23.6833,0
"Hampton Roads, Virginia, U.S.A.",36.95,-76.3667,0
"Hamra, Egypt",30.9783,28.87,0
"Hango, Finland",59.8175,22.9333,0
"Hankou, China",30.5667,114.2917,0
"Harstad, Norway",68.7542,16.575,0
"Hartlepool, England",54.7,-1.1917,0
"Harwich, England",51.95,1.2833,0
"Havana, Cuba",23.1333,-82.3417,0
"Helsingborg, Sweden",56.0417,12.6917,0
"Helsingor, Denmark",56.0333,12.6222,0
"Helsinki, Finland",60.1556,25.0944,0
"Heysham, England",54.05,-2.9028,0
"Higashi-Iwase, Japan",34.7792,134.6333,0
"Hilo, Hawaii, U.S.A.",19.7333,-155.0833,0
"Hiroshima, Japan",34.3458,132.4708,0
"Hirtshals, Denmark",57.6,9.9667,0
"Ho Chi Minh, Vietnam",10.7667,106.7042,0
"Hobart, Tasmania",-42.8833,147.35,0
"Hoboken, New Jersey, U.S.A.",40.75,-74.0167,0
"Holsteinsborg, Greenland",60.945,-53.6833,0
"Holyhead, Wales",53.325,-4.6333,0
"Honawar, India",14.2667,74.4306,0
"Honfleur, France",49.4167,0.2333,0
"Hong Kong, China",22.2833,114.1667,0
"Honiara, Solomon Islands",-9.4275,159.9642,0
"Honolulu, Hawaii, U.S.A.",21.3083,-157.8708,0
"Honshu, Japan",35.0,140.5,0
"Hornefors, Sweden",63.6103,19.9247,0
"Horsens, Denmark",55.8561,9.875,0
"Horta, Fayal, Azores",38.5333,-28.6167,0
"Horten, Norway",59.4167,10.4972,0
"Hososima Ko, Japan",32.4439,131.6967,0
"Houston, Texas, U.S.A.",29.75,-95.2889,0
"Howland Island, U.S.A.",0.8,-176.6333,0
"Hsia-Men, China",24.45,118.0667,0
"Hua-Lien Kang, Taiwan",23.975,121.6167,0
"Huang Pu, China",23.095,113.4417,0
"Huang-Pu, China",23.095,113.4417,0
"Hudiksvall, Sweden",61.7333,17.1167,0
"Huelva, Spain",37.25,-6.9583,0
"Hueneme, California, U.S.A.",34.15,-119.2067,0
"Hull, England",53.7417,-0.3,0
"Hungnam, North Korea",39.8167,127.6167,0
"Husnes, Norway",59.8667,5.7667,0
"Hvalfjordhur, Iceland",64.3083,-22.0833,0
"Hyeres, France",43.0833,6.2,0
"Igarka, Russia",67.4667,86.5833,0
"Ijmuiden, Netherlands",52.4667,4.5667,0
"Ile D’Ouessant, France",48.6667,-5.5,0
"Iligan, Philippines",8.2306,124.2306,0
"Illichivs’K, Ukraine (Black Sea)",46.3,30.7628,0
"Ilo, Peru",-17.6358,-71.3494,0
"Iloilo, Panay, Philippines",10.7,122.5778,0
"Ilulissat (Jakobshavn), Greenland",69.225,-51.0917,0
"Imabari, Japan",34.0708,133.0083,0
"Immingham, England",53.6333,-0.1833,0
"Incheon, South Korea",37.4667,126.6167,0
"Inishtrahull, Ireland",55.4167,-7.5,0
"Invergordon, Scotland",57.6833,-4.1667,0
"Inverness, Scotland",57.4833,-4.2333,0
"Ipswich, England",52.05,1.1667,0
"Iquique, Chile",-20.2,-70.1667,0
"Iraklion, Kriti",35.3447,25.14,0
"Isabel De Sagua, Cuba",22.95,-80.0067,0
"Isabel Segunda, Isla De Vieques, Puerto Rico",18.1667,-65.4667,0
"Iskenderun, Turkey",36.6,36.1833,0
"Isla De Pascua, South Pacific",-27.1417,-109.4417,0
"Islas Juan Fernandez, South Pacific",-33.6333,-78.8278,0
"Istanbul, Turkey",41.0208,28.9858,0
"Itozakicho, Japan",34.3833,133.1,0
"Ivittuut, Greenland",61.2083,-48.1667,0
"Iwakuni, Japan",34.1667,132.2833,0
"Izmir, Turkey",38.4275,21.1328,0
"Jacksonville, Florida, U.S.A.",30.3167,-81.65,0
"Jakarta, Indonesia",-6.1,106.8833,0
"Jakobshavn, Greenland",69.225,-51.0917,0
"Jakobstad, Finland",63.7167,22.6917,0
"Jaluit, Marshall Islands",5.9167,169.6417,0
"Jarvis Island, Line Islands",-0.375,-160.0292,0
"Jazireh-Ye Lavan, Iran",26.7847,53.3375,0
"Jazireh-Ye Sirri, Iran",25.9069,54.5622,0
"Jersey City, Newjersey, U.S.A.",40.7167,-74.0333,0
"Jiddah, Saudi Arabia",21.4667,39.1556,0
"Jinhae, South Korea",35.1444,128.4764,0
"Johnston Island, North Pacific",16.75,-169.5083,0
"Jolo, Philippines",6.0583,120.9958,0
"Jubail, Saudi Arabia",27.0167,49.7,0
"Jucaro, Cuba",21.5947,-78.8542,0
"Julianehaab, Greenland",60.7167,-46.0417,0
"Juneau, Alaska, U.S.A.",58.2958,-134.4167,0
"Kagoshima, Japan",31.5917,130.5639,0
"Kahului, Maui, Hawaii, U.S.A.",20.9,-156.4753,0
"Kakinada, India",17.0,82.3333,0
"Kalamai, Greece",37.0172,22.1106,0
"Kali Limenes, Kriti, Greece",34.9292,24.8208,0
"Kaliningrad, Russia",54.7083,20.4667,0
"Kalmar, Sweden",56.6625,16.375,0
"Kalundborg, Denmark",55.6686,11.0833,0
"Kamaishi, Japan",39.2717,141.8933,0
"Kamsar, Guinea",10.65,-14.6167,0
"Kandalaksha, Russia",67.1333,33.4,0
"Kandla, India",23.0333,70.225,0
"Kaneohe Bay, Hawaii, U.S.A.",21.4397,-157.7833,0
"Kangerluarsoruseq, Greenland",63.6833,-51.5667,0
"Kankesanturai, Sri Lanka",9.8236,80.0528,0
"Kao-Hsiung Kang, Taiwan",22.6167,120.2667,0
"Karachi, Pakistan",24.8167,66.9722,0
"Kardeljevo, Croatia",43.05,17.4283,0
"Karlshamn, Sweden",56.1306,14.8939,0
"Karlskrona, Sweden",56.1667,15.6,0
"Kashima Ko, Japan",35.9792,140.7097,0
"Kasim Marine Terminal, Indonesia",-1.3,131.0167,0
"Kaunakakai, Hawaii, U.S.A.",21.0833,-157.0333,0
"Kavala, Greece",40.9306,24.4031,0
"Kawasaki, Japan",35.5,139.75,0
"Keelung, Taiwan",25.1361,121.7333,0
"Keflavik, Iceland",64.0,-22.5569,0
"Kenitra, Morocco",34.2703,-6.5833,0
"Kerch, Georgia",45.3544,36.4778,0
"Keret, Russia",66.2833,33.5833,0
"Kerkira, Greece",39.6292,19.9097,0
"Ketchikan, Alaska, U.S.A.",55.3417,-131.6458,0
"Key West, Florida, U.S.A.",24.5583,-81.8083,0
"Khalkis, Greece",38.4611,23.5875,0
"Kharg Island, Iran",29.2261,50.2761,0
"Khawr-Al-Amaya, Iraq",29.8064,48.8056,0
"Kholmsk, Sakhalin, Russia",47.05,142.0458,0
"Khorramshahr, Iran",30.425,48.1667,0
"Kiel, Germany",54.3333,10.1583,0
"Kiire, Japan",31.4117,130.5547,0
"Kimchaek, Northkorea",40.6542,129.2083,0
"Kin Wan, Japan",26.4,27.9667,0
"Kingston, Jamaica",17.9583,-76.7833,0
"Kingstown, St. Vincent",13.15,-61.2333,0
"King’S Lynn, England",52.7583,0.3911,0
"Kinuura, Japan",34.8039,136.9581,0
"Kirkenes, Norway",69.7292,30.0333,0
"Kiska, Alaska, U.S.A.",51.9833,177.5417,0
"Kismaayo, Somalia",-0.3989,42.5389,0
"Kitimat, Canada",53.9903,-128.8119,0
"Klaipeda, Lithuania",55.7167,21.1167,0
"Klaksvig, Faroe Islands",62.2411,-6.5958,0
"Kobe, Japan",34.6667,135.2,0
"Kobenhavn, Denmark",55.7,12.6017,0
"Kochi, Japan",33.535,133.5583,0
"Kodiak, Alaska, U.S.A.",57.7833,-152.4167,0
"Koge, Denmark",55.4542,12.2,0
"Kokkola, Finland",63.8333,23.1333,0
"Kokura, Japan",33.9167,130.8667,0
"Kolding, Denmark",55.4944,9.5,0
"Kole, Cameroon",4.2083,8.5514,0
"Komatsushima, Japan",34.0167,134.6,0
"Kompong Som, Cambodia",10.65,103.5,0
"Koniya, Ryukyu Islands",28.1417,129.3125,0
"Koper, Slovenia",45.5633,13.7042,0
"Korsakov, Sakhalin, Russia",46.625,142.7583,0
"Korsor, Denmark",55.3353,11.13,0
"Kota Kinabalu, Malaysia",6.0089,116.0769,0
"Kotka, Finland",60.45,26.9833,0
"Kovda, Russia",66.7,32.8667,0
"Kpeme, Togo",6.1894,1.5056,0
"Kragero, Norway",58.8611,9.3931,0
"Kralendijk, Bonaire",12.1583,-68.2778,0
"Kribi, Cameroon",2.9333,9.9,0
"Kristiansand, Norway",58.1417,7.9944,0
"Kristiansund, Norway",63.1111,7.75,0
"Kristinestad, Finland",62.2625,21.375,0
"Kuching, Sarawak",1.5597,110.3431,0
"Kung Thep, Thailand",13.7167,100.5167,0
"Kunsan, Japan",35.9883,126.7167,0
"Kure, Japan",34.2333,132.5333,0
"Kushiro, Japan",42.9667,144.3583,0
"Kwa Ibo, Nigeria",4.3611,8.0,0
"Kyndby, Denmark",55.81,11.88,0
"Kyomipo, North Korea",38.7333,125.6167,0
"La Ceiba, Honduras",15.775,-86.8333,0
"La Guaira, Venezuela",10.6167,-66.9417,0
"La Habana, Cuba",23.1333,-82.3417,0
"La Isabel De Sagua, Cuba",22.95,80.0067,0
"La Libertad, Ecuador",-2.1844,-80.9167,0
"La Libertad, El Salvador",13.475,-89.3208,0
"La Nouvelle, France",43.0131,3.0736,0
"La Pallice, France",46.16,-1.2225,0
"La Pampilla, Peru",-11.9167,-77.15,0
"La Plata, Argentina",-34.7833,-57.8542,0
"La Rochelle, France",46.15,-1.15,0
"La Romana, Dominican Republic",18.4,-68.95,0
"La Salina, Venezuela",10.3667,-71.4667,0
"La Spezia, Italy",44.0925,9.825,0
"La Union, El Salvador",13.3333,-87.8167,0
"Lae, Papua New Guinea",-6.7417,147.0167,0
"Lagos, Nigeria",6.45,3.3833,0
"Lake Charles, Louisiana, U.S.A.",30.225,-93.2333,0
"Land Skrona, Sweden",55.8689,12.8167,0
"Larnaca, Cyprus",34.9122,33.6397,0
"Larne, England",54.8667,-5.7944,0
"Larvik, Norway",59.05,10.0264,0
"Las Palmas, Canary Islands",28.1417,-15.4167,0
"Las Piedras, Venezuela",11.7042,-70.2208,0
"Latchi, Cyprus",35.1,32.45,0
"Launceston, Tasmania",-41.45,147.1167,0
"Lautoka Harbor, Fiji Islands",-17.6025,177.4378,0
"Lavan Island, Iran",26.7847,53.3375,0
"Lazaro Cardenas, Mexico",17.9289,-102.1858,0
"Le Havre, France",49.4833,0.1,0
"Le Verdon, France",45.55,-1.0417,0
"Legaspi Port, Philippines",13.15,123.7583,0
"Leith, Scotland",55.9833,-3.175,0
"Leixoes, Portugal",41.1778,-8.7,0
"Lerwick, Scotland",60.1194,-1.1256,0
"Les Cayes, Haiti",18.1667,-73.75,0
"Lesnoy, Russia",66.6783,34.3667,0
"Levuka, Fiji Islands",-17.675,178.8542,0
"Lianyungang, China",34.7417,119.4583,0
"Libreville, Gabon",0.3667,9.4167,0
"Licata, Sicily, Italy",37.0875,13.9417,0
"Lien-Yun, China",33.7417,119.4583,0
"Lillesand, Norway",58.2472,8.3833,0
"Limassol, Cyprus",34.6667,33.05,0
"Limerick, Ireland",52.6611,-8.6375,0
"Limetree Bay, St. Croix, Virgin Islands",17.6775,-64.7367,0
"Limhamn, Sweden",55.5917,12.9278,0
"Limon, Costa Rica",9.9917,-83.0167,0
"Lingkas, Kalimantan, Indonesia",3.2833,117.5833,0
"Lisboa, Portugal",38.7,-9.1333,0
"Lisbon, Portugal",38.7,-9.1333,0
"Little Creek, Virginia, U.S.A.",36.9333,-76.1778,0
"Liverpool, Canada",44.0417,-64.7,0
"Liverpool, England",53.45,-3.0167,0
"Livorno, Italy",43.5517,10.2958,0
"Lo-Hsing-Ta Mao-Ti, China",25.9833,119.4417,0
"Lobito, Angola",-12.3333,13.5667,0
"Lome, Togo",6.1167,1.225,0
"London, England",51.5,0.0167,0
"Londonderry, Northern Ireland",55.0,-7.3167,0
"Long Beach, California, U.S.A.",33.77,-118.2217,0
"Longji, Cameroon",3.0833,9.9556,0
"Longyearbyen, Svalbard",78.2417,15.5667,0
"Loop Terminal, Gulf Of Mexico, U.S.A.",28.8697,-89.9211,0
"Lorient, France",47.7292,-3.3642,0
"Los Angeles, California, U.S.A.",33.75,-118.2708,0
"Lota, Chile",-37.0944,-73.1611,0
"Lowestoft, England",52.4947,1.785,0
"Luanda, Angola",-8.7833,13.25,0
"Lubeck, Germany",53.8789,10.6908,0
"Lucinda, Australia",-18.5208,146.3333,0
"Lulea, Sweden",65.575,22.1667,0
"Lysekil, Sweden",58.2667,11.4333,0
"Lyttelton, New Zealand",-43.6069,172.7167,0
"Maassluis, Netherlands",51.9292,4.2533,0
"Maceio, Brazil",-9.6833,-35.7333,0
"Mackay, Australia",-21.1542,149.2333,0
"Mackenzie, Guyana",6.0,-58.2833,0
"Madras, India",13.1,80.3,0
"Magadan, Russia",59.55,150.75,0
"Magallanes, Chile",-53.1667,-70.9,0
"Mahe, Seychelles",-4.6111,55.4833,0
"Mahon, Balearic Islands",39.8672,4.3125,0
"Maizuru, Japan",35.5167,135.3333,0
"Majunga, Madagascar",-15.7333,46.3,0
"Makassar, Sulawesi",-5.1333,119.4,0
"Malabo, Equatorial Guinea",3.7583,8.775,0
"Malacca, Malaysia",2.1667,102.2333,0
"Malaga, Spain",3.7122,-4.45,0
"Malakal, Palauislands",7.3333,134.4417,0
"Maldogado, Uruguay",-3.9333,-55.0,0
"Malmo, Sweden",55.6167,13.0,0
"Maltepe, Turkey",40.9,29.1333,0
"Manaus, Brazil",-3.1333,-60.0167,0
"Manchester, England",53.4833,-2.2333,0
"Mandal, Norway",58.025,7.4556,0
"Manfredonia, Italy",41.6208,15.925,0
"Mangalore, India",12.9256,74.8,0
"Maniitsoq, Greenland",65.41,-52.9033,0
"Manila, Philippines",14.5833,120.9667,0
"Manzanillo, Cuba",20.35,-77.15,0
"Manzanillo, Mexico",19.0583,-104.3306,0
"Maputo, Mozambique",-25.975,32.5667,0
"Mar Del Plata, Argentina",-38.0333,-57.5167,0
"Maracaibo, Venezuela",10.6333,-71.6167,0
"Marcus Hook, Pennsylvania, U.S.A.",39.8033,-75.42,0
"Mare Island, California, U.S.A.",38.6,-122.2667,0
"Mariel, Cuba",23.0,-82.7542,0
"Marin, Ponte Vedra Bay, Spain",42.4,-8.7167,0
"Marmagao, India",15.4167,73.7917,0
"Marsa Al Burayqah, Libya",30.4708,19.5458,0
"Marsaxlokk, Malta",35.815,14.5517,0
"Marseille, France",43.3194,5.3547,0
"Masan, South Korea",35.1833,128.5833,0
"Masbate, Philippines",12.3797,123.6139,0
"Masnedsund, Denmark",55.9967,11.8767,0
"Massawa, Ethiopia",15.6125,39.475,0
"Matadi, Congo",-5.8167,13.45,0
"Matagorda Bay, Texas, U.S.A.",28.3333,-96.3833,0
"Matanzas, Cuba",23.0583,-81.5583,0
"Matarani, Peru",-16.9933,-72.12,0
"Mathew Town, Great Inagua Island",20.9583,-73.6778,0
"Matruh, Egypt",31.375,27.2417,0
"Mayaquez, Puerto Rico",18.2225,-67.1972,0
"Mayport, Florida, U.S.A.",30.395,-81.4317,0
"Mazatlan, Mexico",23.1708,-106.4417,0
"Megara, Greece",37.9769,23.3592,0
"Melbourne, Australia",-37.8208,144.9333,0
"Melilla, Morocco",35.2917,-2.9333,0
"Menton, France",43.775,7.5111,0
"Mers El Kebir, Algeria",35.7333,-0.7,0
"Mersa Al Hamra, Egypt",30.9783,28.87,0
"Mersin, Turkey",36.7906,34.6353,0
"Messina, Sicily, Italy",38.1911,15.5622,0
"Methil, Scotland",56.1833,-3.0,0
"Miami, Florida, U.S.A.",25.7833,-80.1833,0
"Middlefart, Denmark",55.5083,9.7372,0
"Middlesbrough, England",54.5792,-1.2167,0
"Midway Island, North Pacific",28.2167,-177.3667,0
"Miike, Japan",33.0111,130.4181,0
"Milazzo, Sicily, Italy",38.2167,15.25,0
"Milford Haven, Wales",51.7,-5.0333,0
"Miller Anchorage, Eleuthera Island, Bahama Islands",24.6542,-76.1917,0
"Milner Bay, Australia",-13.9417,136.4167,0
"Mina Abd Allah, Kuwait",29.0167,48.2,0
"Mina Al Ahmadi, Kuwait",29.0667,48.1667,0
"Mina Raysut, Oman",16.9494,54.0333,0
"Mina Saqr, United Arab Emirates",26.0022,56.0317,0
"Mina Saud, Kuwait",28.75,48.4,0
"Mina Sulman, Bahrayn",26.2833,50.5417,0
"Minatitlan, Mexico",18.0,-94.5333,0
"Miragoane, Haiti",18.4583,-73.1,0
"Misumi, Japan",32.6,130.4667,0
"Mitilini, Greece",39.1036,26.5564,0
"Moa, Cuba",20.6667,-74.9,0
"Mobile, Alabama, U.S.A.",30.7083,-88.0417,0
"Mocambique, Mozambique",-15.0167,40.7167,0
"Mocamedes, Angola",-15.1889,12.1375,0
"Moengo, Suriname",5.6283,-54.4108,0
"Mogadishu, Somalia",2.0225,45.3506,0
"Mogpo, South Korea",34.7792,126.3833,0
"Mohammedia, Morocco",33.7144,-7.3978,0
"Moi Rana, Norway",66.3086,14.1158,0
"Moji, Japan",33.1083,130.9583,0
"Mokpo, South Korea",34.7792,126.3833,0
"Molde, Norway",62.735,7.1667,0
"Mombasa, Kenya",-4.0583,39.6875,0
"Mon Falcone, Italy",46.7656,13.5625,0
"Monaco, Monaco",43.7333,7.4333,0
"Moni Anchorage, Cyprus",34.6956,33.1864,0
"Monopoli, Italy",41.1222,17.3083,0
"Monrovia, Liberia",6.3333,-10.8167,0
"Montego Bay, Jamaica",18.4875,-77.9583,0
"Montevideo, Uruguay",-34.9083,-56.225,0
"Montreal, Canada",45.5028,-73.55,0
"Montrose, Scotland",56.7042,-2.4278,0
"Morehead City, North Carolina, U.S.A.",34.6528,-76.6758,0
"Mormugao, India",15.4167,73.7917,0
"Morro Redondo, Mexico",28.0556,-115.1711,0
"Mosjoen, Norway",65.855,13.1847,0
"Moskal’Vo, Russia",53.5667,142.4833,0
"Moss, Norway",59.4383,10.6583,0
"Mosselbaai, South Africa",-34.1667,22.15,0
"Mosselbay, South Africa",-34.1667,22.15,0
"Mostaganem, Algeria",35.9367,0.0728,0
"Mourilyan, Australia",-17.6022,146.1331,0
"Mtwara, Tanzania",-10.2583,40.2178,0
"Mubarraz Island, United Arab Emirates",24.4486,53.5333,0
"Murmansk, Russia",68.975,33.05,0
"Muroran, Japan",42.3222,140.9778,0
"Mutrah, Oman",23.6369,58.5806,0
"Myrtle Grove, Louisiana, U.S.A.",29.6422,-89.9472,0
"Naestved, Denmark",55.2258,11.7567,0
"Nagasaki, Japan",32.7417,129.8708,0
"Nagoya, Japan",35.0833,136.8833,0
"Naha, Okinawa Jima, Ryukyu Islands",26.2056,127.6697,0
"Najkin, North Korea",42.2333,130.3,0
"Nakagusuku, Okinawa Jima, Ryukyu Islands",26.2833,127.8833,0
"Nakhodka, Russia",42.8186,132.8978,0
"Naknek, Alaska, U.S.A.",58.7,-157.25,0
"Nakskov, Denmark",54.8333,11.125,0
"Nampo, North Korea",38.7167,125.4167,0
"Namsos, Norway",64.4667,11.4903,0
"Nan-Ching, China",32.1,118.7333,0
"Nanaimo, Canada",49.1667,-123.9292,0
"Nanao, Japan",37.0611,136.9667,0
"Nanchital, Mexico",18.0,-94.45,0
"Nanjing, China",32.1,118.7333,0
"Nanortalik, Greenland",60.1417,-45.2431,0
"Nantes, France",47.195,-1.5875,0
"Napieir, New Zealand",-39.4667,176.9558,0
"Naples, Italy",40.8386,14.2722,0
"Napoli, Italy",40.8386,14.2722,0
"Narsarsuaq, Greenland",61.1625,-45.4625,0
"Narvik, Norway",68.425,17.4167,0
"Nasipit, Philippines",8.9908,125.3342,0
"Nassau, Bahama Islands",25.0861,-77.3306,0
"Natal, Brazil",-5.75,-35.1833,0
"Navarino Bay, Greece",36.9033,21.6786,0
"Navlakhi, India",22.9644,70.4422,0
"Navplion, Greece",37.5625,22.7833,0
"Negappattinam, India",10.7667,79.9167,0
"Nelson, New Zealand",-41.2333,173.25,0
"Nevels’K, Russia",46.6667,141.85,0
"New Amsterdam, Guyana",6.4167,-57.4767,0
"New Haven, Connecticut, U.S.A.",41.29,-75.9083,0
"New London, Connecticut, U.S.A.",41.3583,-72.0917,0
"New Mangalore, India",12.0922,74.8,0
"New Orleans, Louisiana, U.S.A.",29.95,-90.0583,0
"New Plymouth, New Zealand",-39.0356,174.0417,0
"New Westminster, Canada",49.2,-122.9083,0
"New York, New York, U.S.A.",40.7,-74.0167,0
"Newark, New Jersey, U.S.A.",40.7,-74.15,0
"Newcastle, Australia",-32.925,151.7833,0
"Newcastle, Canada",47.0011,-65.5667,0
"Newcastle, England",54.9667,-1.5833,0
"Newport News, Virginia, U.S.A.",36.9667,-76.4333,0
"Newport, Rhode Island, U.S.A.",41.4972,-71.3306,0
"Newport, Wales",51.5556,-2.9667,0
"Nha Be, Vietnam",10.7,106.75,0
"Nha Trang Bay, Vietnam",12.25,109.2167,0
"Nice, France",43.6944,7.2853,0
"Niigata, Japan",37.9667,139.0667,0
"Nikiski, Alaska, U.S.A.",60.675,-151.4083,0
"Nikolayevsk-Na-Amure, Russia",53.125,140.7167,0
"Nome, Alaska, U.S.A.",64.4833,-165.4167,0
"Nord-Ostsee-Kanal (East Entrance), Germany",54.3667,10.15,0
"Nordenham, Germany",53.4833,8.4944,0
"Norfolk, Virginia, U.S.A.",36.85,-76.3,0
"Norrkoping, Sweden",58.6,16.215,0
"Nouadhibou, Mauritania",20.8778,-17.0033,0
"Nouakchott, Mauritania",18.0339,-16.0339,0
"Noumea, Newcaledonia",-22.275,166.45,0
"Novorossiysk, Russia",44.7167,37.7833,0
"Nueva Gerona, Cuba",21.9167,-82.8,0
"Nueva Palmira, Uruguay",-33.8817,-58.4244,0
"Nuevitas, Cuba",21.5444,-77.2111,0
"Nukualofa, Tonga Islands",-21.125,-175.2,0
"Nuuk (Godthab), Greenland",64.1792,-51.7542,0
"Nykobing, Denmark",55.9133,11.6783,0
"Oakland, California, U.S.A.",37.8033,-122.325,0
"Ocean Island, Pacific",-0.875,169.5833,0
"Odense, Denmark",55.4111,10.3833,0
"Odessa, Ukraine",46.4964,30.7444,0
"Oita, Japan",33.2833,131.6667,0
"Okha, India",22.475,69.0875,0
"Okha, Sakhalin, Russia",53.5667,143.0833,0
"Olbia, Sardinia",40.9217,9.5233,0
"Olongapo, Philippines",14.8167,120.275,0
"Olympia, Washington, U.S.A.",47.0517,-122.905,0
"Onega, Russia",63.9,38.1,0
"Oostende, Belgium",51.2333,2.9167,0
"Oporto, Portugal",41.1417,-8.6833,0
"Opua, New Zealand",-35.3139,174.1236,0
"Oran, Algeria",35.7144,-0.6333,0
"Orange, Texas, U.S.A.",30.0889,-93.7333,0
"Oranjestad, Aruba",12.5208,-70.0458,0
"Oranjestad, St. Eustatius",17.4833,-62.9833,0
"Ormos Navarinou, Greece",36.9033,21.6786,0
"Ormos Soudhas, Kriti",35.4917,24.0792,0
"Ornskoldsvik, Sweden",63.2769,18.7389,0
"Osaka, Japan",34.6333,135.4333,0
"Oslo, Norway",59.9056,10.7333,0
"Ostrica, Louisiana,U.S.A.",29.3636,-89.5211,0
"Otago Harbor, New Zealand",-45.7464,170.7244,0
"Otaru, Japan",43.2,141.0167,0
"Ouessant, Ile De France",48.6667,-5.5,0
"Oulu, Finland",65.0333,25.3833,0
"Oxelosund, Sweden",58.6644,17.1089,0
"Paamiut (Frederikshaab), Greenland",61.9833,-49.7167,0
"Padang, Indonesia",-1.0,100.3667,0
"Pago Pago, American Samoa",-14.275,-170.6833,0
"Palembang, Indonesia",-3.0,104.75,0
"Palermo, Sicily, Italy",38.1286,13.37,0
"Palm Beach, Florida, U.S.A.",26.7717,-80.0256,0
"Palma, Balearic Islands",39.5644,2.6381,0
"Palua, Venezuela",8.3625,-62.6917,0
"Panama, Panama",8.8833,-79.5167,0
"Panamburu, India",12.95,74.8056,0
"Panjang, Indonesia",-6.4728,105.3161,0
"Pansio, Finland",60.4367,22.1483,0
"Papeete, Tahiti, French Polynesia",-17.5333,-149.5667,0
"Paradip, India",20.2528,86.7,0
"Paramaribo, Suriname",5.8222,-55.15,0
"Paranagua, Brazil",-25.5,-48.5167,0
"Paranam, Suriname",5.6083,-55.0867,0
"Parrsboro, Canada",45.3667,-64.3,0
"Pasadena, Texas, U.S.A.",29.7167,-95.2167,0
"Pasajes De San Juan, Spain",43.325,-1.9167,0
"Pascagoula, Mississippi, U.S.A.",30.35,-88.5667,0
"Patrai, Greece",38.2522,21.7314,0
"Paulillac, France",45.2,-0.7292,0
"Pearl Harbor, Hawaii, U.S.A.",21.3333,-157.9722,0
"Pechenga, Russia",69.5833,31.2833,0
"Pei-Hai, China",20.4833,109.0333,0
"Pemba, Mozambique",-12.9706,40.4897,0
"Penang, Malaysia",5.4167,100.35,0
"Penarth, Wales",51.4458,-3.1667,0
"Pennington Terminal, Nigeria",4.2444,5.6125,0
"Pensacola, Florida, U.S.A.",30.4,-87.2167,0
"Pentland Firth, Scotland",58.7,-3.3333,0
"Pepel, Sierra Leone",8.5828,-13.0667,0
"Perth, Australia",-31.9583,115.85,0
"Petersburg, Alaska, U.S.A.",56.9822,-132.9639,0
"Petropavlovsk-Kamchatskiy, Russia",53.0,158.6333,0
"Pevek, Russia",69.7278,170.4667,0
"Philadelphia, Pennsylvania, U.S.A.",39.95,-75.1333,0
"Phuket, Thailand",7.8333,98.4333,0
"Pimentel, Peru",-6.8333,-79.9667,0
"Pina, Panama",9.3333,-80.0833,0
"Piraievs, Greece",37.9406,23.6356,0
"Pisagua, Chile",-19.575,-70.2333,0
"Pisco, Peru",-13.725,-76.2417,0
"Pitea, Sweden",65.2944,21.4722,0
"Ploce, Croatia",43.05,17.4283,0
"Plymouth, England",50.3611,-4.1528,0
"Plymouth, Montserrat",16.7028,-62.225,0
"Pohang, South Korea",36.045,129.3917,0
"Point Comfort, Texas, U.S.A.",28.5956,-96.5642,0
"Pointe A Pitre, Guadeloupe",16.2333,-61.5417,0
"Pointe Noire, Congo",-4.7833,11.8333,0
"Polyarnyy, Russia",69.2028,33.4933,0
"Ponape, Caroline Islands",6.9875,159.225,0
"Ponce, Puerto Rico",17.975,-66.6167,0
"Ponta Delgada, Azores",37.7333,-25.6667,0
"Poole, England",50.7167,-1.9925,0
"Porkkala, Finland",59.985,24.4683,0
"Porlamar, Margarita, Venezuela",10.9333,-63.8333,0
"Port Adelaide, Australia",-34.8417,138.5,0
"Port Alice, Canada",50.3822,-127.4533,0
"Port Amelia, Mozambique",-12.9706,40.4897,0
"Port Angeles, Washington, U.S.A.",48.1333,-123.45,0
"Port Antonio, Jamaica",18.1931,-76.45,0
"Port Arthur, Texas, U.S.A.",29.8667,-93.9333,0
"Port Au Prince, Haiti",18.5583,-72.3583,0
"Port Augusta, Australia",-32.4944,137.7583,0
"Port Blair, Andaman Islands",11.6667,92.7667,0
"Port Castries, St. Lucia",14.0167,-61.0,0
"Port Chalmers, New Zealand",-45.8131,170.6286,0
"Port Darwin, Australia",-12.475,130.8333,0
"Port Des Galets, Reunion Island",-20.9208,55.2917,0
"Port Etienne, Mauritania",20.6667,-17.07,0
"Port Everglades, Florida, U.S.A.",26.0933,-80.08,0
"Port Gentil, Gabon",-0.7167,8.7917,0
"Port Harcourt, Nigeria",4.7708,7.0033,0
"Port Hedland, Australia",-20.2958,118.5806,0
"Port Hueneme, California, U.S.A.",34.15,-119.2067,0
"Port Kamsar, Guinea",10.65,-14.6167,0
"Port Kelang, Malaysia",3.0,101.4,0
"Port Kembla, Australia",-34.475,150.8833,0
"Port Lavaca, Texas, U.S.A.",28.5956,-96.5642,0
"Port Legaspi, Philippines",13.15,123.7583,0
"Port Lincoln, Australia",-34.7167,135.8667,0
"Port Louis, Mauritius",-20.1542,57.4958,0
"Port Moresby, Papua New Guinea",-9.4792,147.1444,0
"Port Nador, Morocco",35.2833,-2.9333,0
"Port Neches, Texas, U.S.A.",29.9931,-93.9389,0
"Port Newark, New Jersey, U.S.A.",40.7,-74.15,0
"Port Of Spain, Trinidad",10.6458,-61.5167,0
"Port Pirie, Australia",-33.1722,138.0125,0
"Port Raysut, Oman",16.9494,54.0333,0
"Port Refuge, Cocos Islands",-12.0889,96.865,0
"Port Royal, Jamaica",17.9333,-76.85,0
"Port Said, Egypt",31.2667,32.3167,0
"Port San Carlos, Falkland Islands",-51.5,-59.0,0
"Port St. Louis Du Rhone, France",43.3833,4.8,0
"Port Sudan, Sudan",19.6167,37.2292,0
"Port Sulphur, Louisiana, U.S.A.",29.4767,-89.6858,0
"Port Swettenham, Malaya, Malaysia",3.0,101.3833,0
"Port Talbot, Wales",51.5903,-3.79,0
"Port Tampa, Florida, U.S.A.",21.8611,-82.5556,0
"Port Taranaki, New Zealand",-39.0356,174.0417,0
"Port Townsend, Washington, U.S.A.",48.1083,-122.75,0
"Port Walcot, Australia",-20.5328,117.2333,0
"Port-Vendres, France",42.525,3.1167,0
"Portland, Australia",-38.3417,141.6167,0
"Portland, England",50.5833,-2.4333,0
"Portland, Maine, U.S.A.",43.6583,-70.2458,0
"Portland, Oregon,U.S.A.",45.55,-122.6958,0
"Porto Alegre, Brazil",-30.0333,-51.2333,0
"Porto Di Barletta, Italy",41.3333,16.2917,0
"Porto Di Brindisi, Italy",40.6439,17.9508,0
"Porto Empedocle, Sicily, Italy",37.275,13.5333,0
"Porto Grande, Sao Vicente, Cape Verde Islands",16.8833,-25.0056,0
"Porto Vecchio Di Piombino, Italy",42.9333,10.55,0
"Portovesme, Italy",39.1919,8.3747,0
"Portsmouth, England",50.8,-1.1111,0
"Portsmouth, New Hampshire, U.S.A.",43.0778,-70.7417,0
"Porvoo, Finland",60.3,25.55,0
"Poti, Georgia",42.1642,41.6431,0
"Powell River, Canada",49.8667,-124.5667,0
"Pozzuoli, Italy",40.825,14.1167,0
"Praia Da Vitoria, Terceira, Azores",38.7292,-27.0528,0
"Praia, Sao Tiago, Cape Verde Islands",14.9042,-23.5083,0
"Preveza, Greece",38.9542,20.7556,0
"Primorsk, Russia",60.3583,28.6,0
"Prince Rupert, Canada",54.3167,-130.3333,0
"Progreso, Mexico",21.35,-89.6667,0
"Providence, Rhode Island, U.S.A.",41.8083,-71.4,0
"Provideniya, Russia",64.3667,-173.2917,0
"Puerto Armuelles, Panama",8.2708,-82.8583,0
"Puerto Barrios, Guatemala",15.7167,-88.6167,0
"Puerto Cabello, Venezuela",10.4875,-68.0083,0
"Puerto Cabezas, Nicaragua",14.0167,-83.375,0
"Puerto Cortes, Honduras",15.8333,-87.9556,0
"Puerto De Hierro, Venezuela",10.6167,-62.0917,0
"Puerto De La Luz, Canary Islands",28.1417,-15.4167,0
"Puerto De Pasajes, Spain",43.325,-1.9167,0
"Puerto Deseado, Argentina",-47.7556,-65.9181,0
"Puerto La Cruz, Venezuela",10.2472,-64.5992,0
"Puerto Madryn, Argentina",-42.7625,-65.0264,0
"Puerto Manati, Cuba",21.3611,-76.8222,0
"Puerto Miranda, Venezuela",10.7583,-71.5542,0
"Puerto Montt, Chile",-41.4833,-72.95,0
"Puerto Ordaz, Venezuela",8.35,-62.7167,0
"Puerto Padre, Cuba",21.2167,-76.5667,0
"Puerto Plata, Dominican Republic",19.8167,-70.6917,0
"Puerto Princesa, Philippines",9.7419,118.7239,0
"Puerto Sandino, Nicaragua",12.15,-86.825,0
"Puerto Sucre, Venezuela",10.4625,-64.1953,0
"Puerto Tanamo, Cuba",20.7,-75.3333,0
"Puerto Vita, Cuba",21.0792,-75.9522,0
"Pula, Croatia",44.8689,13.8353,0
"Pulupandan, Philippines",10.5167,122.7917,0
"Punta Arenas, Chile",-53.1667,-70.9,0
"Punta Cardon, Venezuela",11.625,-70.2417,0
"Punta De Piedras, Venezuela",11.7033,-70.225,0
"Punta Palmas Del Sur, Venezuela",10.4078,-71.555,0
"Puntarenas, Costa Rica",10.1333,-84.8333,0
"Pusan, South Korea",35.1,129.05,0
"Qaanaaq (Thule), Greenland",76.5478,-69.0417,0
"Qabis, Tunisia",33.9011,10.125,0
"Qaqortoq (Julianehab), Greenland",60.7167,-46.0417,0
"Qasigiannguit, Greenland",68.8167,-51.1917,0
"Qeqertarsuaq (Godhavn), Greenland",69.2333,-53.5333,0
"Qingdao, China",36.0917,120.3167,0
"Qinhuangdao, China",39.9167,119.6083,0
"Qua Iboe, Nigeria",4.3611,8.0,0
"Quepos, Costa Rica",9.4167,-84.1667,0
"Quequen, Argentina",-38.5833,-58.6917,0
"Qui Nhon, Vietnam",13.75,109.25,0
"Quinfuguena, Angola",-6.3244,12.2389,0
"Quonset Point, Rhode Island, U.S.A.",41.5833,-71.4,0
"Rabaul, Papua New Guinea",-4.2083,152.2,0
"Rabigh, Saudi Arabia",22.7328,38.9681,0
"Rada Di Vado, Italy",44.2667,8.45,0
"Randers, Denmark",56.4633,10.0633,0
"Rangoon, Burma",16.7667,96.1667,0
"Raoul Island, Kermadec Islands",-29.2667,-177.95,0
"Rapid Bay, Australia",-35.525,138.1917,0
"Ras Al Kethib, Yemen",14.9328,42.8972,0
"Ras Al Mishab, Saudi Arabia",28.1683,48.7103,0
"Ras Al Unuf, Libya",30.5292,18.575,0
"Ras Silata, Lebanon",34.2792,35.65,0
"Rashin, North Korea",42.2333,130.3,0
"Rauma, Finland",61.125,21.4375,0
"Ravenna, Italy",44.375,12.2067,0
"Ra’S Al Khafji, Saudi Arabia",28.4,48.55,0
"Ra’S As Sidr, Egypt",29.5767,32.7,0
"Ra’S Gharib, Egypt",28.3417,33.1167,0
"Ra’S Shukhayr, Egypt",28.1178,33.3178,0
"Ra’S Tannurah, Saudi Arabia",26.65,50.1667,0
"Recife, Brazil",-8.05,-34.8667,0
"Reggio Di Calabria, Italy",38.1264,15.65,0
"Rethimnon, Kriti",35.375,24.4667,0
"Reykjavik, Iceland",64.15,-21.9333,0
"Rhodes, Greece",36.45,28.2317,0
"Ribadeo, Spain",43.5569,-7.0306,0
"Richards Bay, South Africa",-28.8519,32.1292,0
"Richmond, California, U.S.A.",37.9033,-122.3633,0
"Riga, Latvia",56.9583,24.0917,0
"Rijeka, Croatia",45.3269,14.4308,0
"Rio De Janeiro, Brazil",-22.8917,-43.1833,0
"Rio Gallegos, Argentina",-51.6111,-69.2028,0
"Rio Grande, Brazil",-32.05,-52.075,0
"Rio Haina, Dominican Republic",18.4222,-70.0056,0
"Risor, Norway",58.72,9.2444,0
"Road Harbor, Tortola, British Virgin Islands",18.4167,-64.6167,0
"Rochefort, France",45.9367,-0.9542,0
"Rochester, England",51.3917,0.5033,0
"Rockhampton, Australia",-23.3833,150.5333,0
"Romana, Dominican Republic",18.4167,-68.9528,0
"Ronne, Bornholm, Denmark",55.1,14.6944,0
"Roosevelt Roads, Puerto Rico",18.1667,-65.5667,0
"Rosario, Argentina",-32.9417,-60.6333,0
"Roseau, Dominica",15.2875,-61.4,0
"Rostock, Germany",54.0978,12.15,0
"Rostov-Na-Donu, Russia",47.1917,39.6694,0
"Rosyth, Scotland",56.0208,-3.45,0
"Rota, Spain",36.6208,-6.3333,0
"Rotoava, Iles Tuamotu",-16.0417,-145.6167,0
"Rotterdam, Netherlands",51.9,4.4667,0
"Rouen, France",49.4417,1.0667,0
"Ruch’I, Russia",59.7583,28.4167,0
"Rumoi, Japan",43.9583,141.6333,0
"Sabang, Indonesia",5.8917,95.3208,0
"Safi, Morocco",32.3097,-9.2542,0
"Saida, Lebanon",33.5339,35.3303,0
"Saint Antioco Ponti, Sardinia",39.0533,8.47,0
"Saipan, Marianaislands",15.2278,145.7333,0
"Sakaide, Japan",34.3292,133.8583,0
"Sakata, Japan",38.925,139.8,0
"Salamis, Greece",37.9583,23.4867,0
"Salaverry, Peru",-8.2417,-78.9667,0
"Salawati, Indonesia",-1.35,130.9833,0
"Saldanha Bay, South Africa",-33.0903,17.8722,0
"Saleef, Yemen",15.3,42.6667,0
"Salerno, Italy",40.6708,14.75,0
"Salina Cruz, Mexico",16.1667,-95.2,0
"Salinas, Ecuador",-2.2,-80.9833,0
"Salvador, Brazil",-12.9667,-38.5167,0
"Sambu, Indonesia",1.1667,103.9,0
"Samson Point, Australia",-20.5328,117.2333,0
"Samsun, Turkey",41.3267,36.3667,0
"San Antonio, Chile",-33.5833,-71.65,0
"San Ciprian, Spain",43.7056,-7.4256,0
"San Diego, California, U.S.A.",32.7167,-117.175,0
"San Felix, Venezuela",8.375,-62.6667,0
"San Fernando, Philippines",16.6333,120.3,0
"San Francisco, California, U.S.A.",37.8083,-122.4,0
"San Jose, Guatemala",13.9167,-90.8292,0
"San Juan Del Sur, Nicaragua",11.2542,-85.8861,0
"San Juan, Peru",-15.3433,-75.16,0
"San Juan, Puerto Rico",18.4639,-66.1111,0
"San Lorenzo, Argentina",-32.7333,-60.7256,0
"San Lorenzo, Honduras",13.4167,-87.4167,0
"San Lorenzo, Venezuela",9.7833,-71.0917,0
"San Nicolas, Argentina",-33.325,-60.2167,0
"San Nicolas, Peru",-15.245,-75.2406,0
"San Pedro De Macoris, Dominican Republic",18.4458,-69.3056,0
"San Pedro, Argentina",-33.7,-59.65,0
"San Pedro, Ivory Coast",4.7333,-6.6067,0
"San Sebastian, Spain",43.3167,-1.9917,0
"San Vicente, Chile",-36.7319,-73.1667,0
"San-Men Wen, China",29.05,121.75,0
"San-Ya Chiang, China",18.2333,109.4333,0
"Sandakan, Sabah",5.8333,118.1167,0
"Sandefjorden, Norway",59.1236,10.2306,0
"Sankt-Peterburg, Russia",59.9167,30.25,0
"Sanmen Wen, China",29.05,121.75,0
"Santa Barbara, California, U.S.A.",34.4,-119.6833,0
"Santa Cruz De Tenerife, Canary Islands",28.6333,-16.2333,0
"Santa Cruz Del Sur, Cuba",20.6667,-77.9833,0
"Santa Fe, Argentina",-31.65,-60.7,0
"Santa Lucia, Cuba",22.7,-83.975,0
"Santa Maria, Cuba",21.2833,-78.5667,0
"Santa Marta, Colombia",11.25,-74.2167,0
"Santa Rosalia, Mexico",27.3333,-112.2667,0
"Santan Terminal, Indonesia",-0.1,117.5333,0
"Santana, Brazil",-0.0692,-51.1122,0
"Santander, Spain",43.4583,-3.8,0
"Santiago De Cuba, Cuba",20.0167,-75.8375,0
"Santo Domingo, Dominican Republic",18.4667,-69.875,0
"Santo Tomas De Castilla, Guatemala",15.7083,-88.6167,0
"Santos, Brazil",-23.9333,-46.3167,0
"Sanya Gang, China",18.2333,109.4333,0
"Sao Francisco Do Sul, Brazil",-26.2256,-48.6394,0
"Sao Sebastiao, Brazil",-23.805,-45.3697,0
"Sao Tome, Sao Tome, Gulf Of Guinea",0.35,6.75,0
"Sarande, Albania",39.8667,20.0083,0
"Sasebo, Japan",33.15,129.7167,0
"Savannah, Georgia,U.S.A.",32.0833,-81.1,0
"Savona, Italy",44.3122,8.4914,0
"Sayda, Lebanon",33.5339,35.3303,0
"Scapa Flow, Orkney Islands,Unitedkingdom",58.8833,-3.0833,0
"Seaham Harbor, England",54.8372,-1.3194,0
"Searsport, Maine, U.S.A.",44.4275,-68.8994,0
"Seattle, Washington, U.S.A.",47.05,-122.3667,0
"Sekondi, Ghana",4.9389,-1.7,0
"Selat Lombok, Indonesia",-8.8333,115.7167,0
"Selat Sunda, Indonesia",-6.0667,105.8333,0
"Selat Wetar, Indonesia",-8.3167,127.45,0
"Semarang, Indonesia",-6.9333,110.4167,0
"Senipah Oil Terminal, Indonesia",-1.0569,117.2167,0
"Sept Iles, Canada",50.1853,-66.3717,0
"Sete, France",43.4014,3.7019,0
"Setubal, Portugal",38.5167,8.9833,0
"Severodvinsk, Russia",64.5833,39.8333,0
"Sevilla, Spain",37.3917,-6.0,0
"Seward, Alaska, U.S.A.",60.1,-149.4333,0
"Seydhisfjordhur, Iceland",65.2517,-14.0033,0
"Sfax, Tunisia",34.7275,10.775,0
"Shanghai, China",31.2333,121.4917,0
"Sharjah, United Arab Emirates",25.3833,55.3467,0
"Sharpness, England",51.7167,-2.4833,0
"Sheerness, England",51.4417,0.7333,0
"Shelburne, Canada",43.75,-65.3167,0
"Shengjin, Albania",41.7917,19.5833,0
"Shimizu, Honshu, Japan",35.0167,138.5167,0
"Shimonoseki, Japan",33.95,130.9431,0
"Shimotsui, Japan",34.4333,133.8167,0
"Shiogama, Japan",38.3167,141.05,0
"Shoreham By Sea, England",50.83,-0.2667,0
"Sibenik, Croatia",43.7342,15.8881,0
"Sibu, Malaysia",2.4,111.9333,0
"Sidi Ifni, Morocco",29.4333,-10.15,0
"Simons Bay, South Africa",-34.1894,18.4414,0
"Sines, Portugal",38.9353,-8.8708,0
Singapore,1.2667,103.8333,0
"Sint Nicolaashaven, Aruba",12.4292,-69.9083,0
"Siracusa, Sicily, Italy",37.0581,15.2892,0
"Sirri Island, Iran",25.9069,54.5622,0
"Sisimiut, Greenland",66.945,-53.6833,0
"Sitka, Alaska, U.S.A.",57.05,-135.3417,0
"Sitrah Anchorage, Bahrain",26.1667,50.6833,0
"Sittwe Harbor, Burma",20.1417,92.9083,0
"Skagens Odde, Denmark",57.8,10.7333,0
"Skagway, Alaska, U.S.A.",59.45,-13.3333,0
"Skaramangas, Greece",37.9903,23.5667,0
"Skelleftehamn, Sweden",64.6878,21.2028,0
"Skien, Norway",59.2042,9.6139,0
"Skikid, Algeria",36.89,6.9069,0
"Skredsvik, Sweden",58.4167,11.5,0
"Slagen, Norway",59.3333,10.5172,0
"Slite, Sweden",57.6667,18.8956,0
"Smalkalden, Suriname",5.6194,-55.0908,0
"Sochi, Russia",43.5833,39.7125,0
"Sonderborg, Denmark",54.91,9.7875,0
"Sorido, Indonesia",-1.1667,136.0333,0
"Sorong, Indonesia",-0.8833,131.2333,0
"Sorvagur, Faroe Islands",62.0722,-7.3047,0
"Soudha, Kriti",35.4917,24.0792,0
"Sousse, Tunisia",35.825,10.6583,0
"South Riding Point, Grand Bahama Islands",26.6125,-78.2194,0
"Southampton, England",50.8833,-1.3917,0
"Sovetskaya Gavan, Russia",48.9833,140.2667,0
"Split, Croatia",43.5044,16.4361,0
"Sriracha, Thailand",13.115,100.8592,0
"St. Andrews, Canada",45.0583,-67.0278,0
"St. Georges, Grenada",12.05,-61.75,0
"St. Helena Island, South Atlantic",-15.9167,-5.7236,0
"St. John, Canada",45.2667,-66.0667,0
"St. John’S, Antigua",17.1333,-61.8667,0
"St. John’S, Canada",47.5667,-52.7,0
"St. Louis Du Rhone, France",43.3833,4.8075,0
"St. Malo, France",48.6444,-2.0272,0
"St. Marc, Haiti",19.1167,-72.7028,0
"St. Nazaire, France",47.2667,-2.2,0
"St. Nicholas, Greece",35.1939,25.7222,0
"St. Petersburg, Florida, U.S.A.",27.7667,-82.6167,0
"St. Pierre, Martinique",14.7417,-61.1875,0
"St. Raphael, France",43.4225,6.7625,0
"Stadersand, Germany",53.6297,9.5333,0
"Stenungsund, Sweden",58.0786,11.8039,0
"Stephenville, Canada",48.4942,-58.5497,0
"Stockholm, Sweden",59.325,18.0833,0
"Stornoway, Scotland",58.2,-6.3833,0
Strait Of Gibraltar,35.95,-5.75,0
Straits Of Florida,24.4167,-83.0,0
"Stralsund, Germany",54.3083,13.0958,0
"Su-Ao Kang, Taiwan",24.6,121.8667,0
"Suakin, Sudan",19.1131,37.3392,0
"Subic Bay, Philippines",14.7197,120.1961,0
"Sukkertoppen, Greenland",65.41,-52.9033,0
"Sunderland, England",54.9125,-1.3667,0
"Sundsvall, Sweden",62.3867,17.3583,0
"Sunndalsora, Norway",62.6872,8.55,0
"Supe Bay, Peru",-10.8222,-77.7375,0
"Surabaya, Indonesia",-7.2,112.7333,0
"Surgidero De Batabano, Cuba",22.6667,-82.2833,0
"Suva, Fiji Islands",-18.1333,178.4167,0
"Svendborg, Denmark",55.0625,10.625,0
"Swan Island, Honduras",17.4083,-83.95,0
"Swansea, Wales",51.6167,-30.9167,0
"Sweeper Cove, Alaska, U.S.A.",51.8583,-176.6333,0
"Swinoujscie, Poland",53.9167,14.2833,0
"Sydney, Australia",-33.8583,151.2167,0
"Sydney, Canada",46.1417,-60.2,0
"Szczecin, Poland",53.4333,14.575,0
"Ta-Ku, China",38.9875,117.6792,0
"Tacloban, Philippines",11.2583,125.0,0
"Tacoma, Washington, U.S.A.",47.2667,-122.4333,0
"Takoradi, Ghana",4.8833,-1.7417,0
"Taku Bar, China",38.9375,118.1458,0
"Talara, Peru",-4.575,-81.2875,0
"Talcahuano, Chile",-36.7,-73.1,0
"Tallinn, Estonia",59.45,24.775,0
"Taltal, Chile",-25.4,-70.4833,0
"Tamatave, Madagascar",-18.15,49.425,0
"Tampa, Florida, U.S.A.",27.9417,-82.4444,0
"Tampico, Mexico",22.2083,-97.0583,0
"Tandjung Priok, Indonesia",-6.1,106.8833,0
"Tandjung Uban, Indonesia",1.0667,104.2167,0
"Tanga, Tanzania",-5.0667,39.1167,0
"Tangier, Morocco",35.7833,-5.8,0
"Tanjong Perak, Indonesia",-7.1911,112.7422,0
"Tarabulus, Lebanon",34.4936,35.8653,0
"Tarabulus, Libya",32.9028,13.1933,0
"Taranto, Italy",40.4794,17.2481,0
"Tarawa Atoll, Kiribati",1.4,172.9,0
"Tarbert Island, Ireland",52.5875,-9.3628,0
"Tarragona, Spain",41.1069,1.2417,0
"Tatibana Ko, Japan",33.8694,134.6667,0
"Tauranga, Newzealand",-37.6039,176.2028,0
"Tawau, Malaysia",4.2256,117.8925,0
"Tees River, England",54.6825,-1.1056,0
"Tela, Honduras",15.775,-87.45,0
"Telukbayur, Indonesia",-1.0,100.3667,0
"Tema, Ghana",5.6258,0.0125,0
"Terneuzen, Netherlands",51.3333,3.8167,0
"Tetney Terminal, England",53.5394,0.1147,0
"Texas City, Texas, U.S.A.",29.375,-94.8875,0
"Thames Haven, England",51.5,0.5083,0
"Thessaloniki, Greece",40.6322,22.93,0
"Thorshavn, Faroe Islands",62.0056,-6.075,0
"Thule, Greenland",76.5478,-68.875,0
"Tianjin, China",39.125,117.1958,0
"Tientsin, China",39.125,117.1958,0
"Tiksi, Russia",71.6583,128.9833,0
"Tjilatjap, Indonesia",-7.7333,108.99,0
"Tjirebon, Indonesia",-6.7,108.6,0
"Tocopilla, Chile",-22.0889,-70.2333,0
"Tokuyama, Japan",34.0,131.7667,0
"Tokyo, Japan",35.6333,139.7667,0
"Tomakomai, Japan",42.6139,141.6228,0
"Tomari, Japan",43.7,145.5,0
"Tompkinsville, New York, U.S.A.",40.6333,-74.0667,0
"Tongyeong, South Korea",34.8333,128.45,0
"Tonsberg, Norway",59.2617,10.4139,0
"Tornio, Finland",65.7583,24.1417,0
"Torres Strait, Australia",-10.55,142.1333,0
"Torshavn, Faroe Islands",62.0056,-6.7583,0
"Toulon, France",43.1125,5.5833,0
"Townsville, Australia",-19.25,146.8333,0
"Trabzon, Turkey",41.0167,39.775,0
"Tramandai, Brazil",-30.0111,-50.0867,0
"Trangisvaag, Faroe Islands",61.5328,-6.7417,0
"Trapani, Sicily",38.0042,12.5,0
"Travemunde, Germany",53.9597,10.8833,0
"Trelleborg, Sweden",55.3667,13.1569,0
"Trenton, New Jersey, U.S.A.",40.19,-74.7567,0
"Trieste, Italy",45.6536,13.7469,0
"Trincomalee, Srilanka",8.5583,81.2125,0
"Tromso, Norway",69.65,18.975,0
"Trondheim, Norway",63.4333,10.3833,0
"Truk, Caroline Islands",7.3667,151.9,0
"Tsingtao, China",36.0917,120.3167,0
"Tso-Ying, Taiwan",22.7,120.25,0
"Tsugaru-Kaikyo, Japan",41.5,140.6667,0
"Tsuruga, Japan",35.6583,136.0667,0
"Tuapse, Russia",44.0861,39.0689,0
"Tubruq, Libya",32.0775,23.9833,0
"Tulear, Madagascar",-23.3617,43.6617,0
"Tumaco, Colombia",1.8389,-78.8486,0
"Tunis, Tunisia",36.7983,10.1975,0
"Turiamo, Venezuela",10.4417,-67.8417,0
"Turku, Finland",60.4333,22.2167,0
"Tuticorin, India",8.7222,78.2319,0
"Tuxpan, Mexico",20.9667,-97.4167,0
"Tvedestrand, Norway",58.6194,8.9389,0
"Tyne River, England",55.0128,-1.4,0
"Ube, Japan",33.9167,131.225,0
"Ulsan, South Korea",35.4667,129.4,0
"Umea, Sweden",63.82,20.2722,0
"Umm Said, Qatar",24.8917,51.5667,0
"Unalakleet, Alaska, U.S.A.",63.8708,-160.7875,0
"Unggi, North Korea",42.3167,130.4125,0
"Uno, Japan",34.4833,133.9583,0
"Upernavik, Greenland",72.775,-56.2,0
"Urangan, Australia",-25.2833,152.9167,0
"Urdiales, Spain",43.3778,-3.2042,0
"Ushant, France",48.6667,-5.5,0
"Ushuaia, Argentina",-54.9833,-68.3028,0
"Uskudar, Turkey",41.0208,29.0,0
"Uusikaupunki, Finland",60.7917,21.375,0
"Vaasa, Finland",63.0875,21.55,0
"Vadso, Norway",70.075,29.7333,0
"Valdez, Alaska, U.S.A.",61.1,-146.2833,0
"Valencia, Spain",39.4539,-0.32,0
"Valletta, Malta",35.8917,14.5144,0
"Valparaiso, Chile",-33.0333,-71.6333,0
"Vancouver, Canada",49.3,-123.1,0
"Vancouver, Washington, U.S.A.",45.6264,-122.6883,0
"Varberg, Sweden",57.0931,12.2236,0
"Vardo, Norway",70.375,31.1167,0
"Varna, Bulgaria",43.1858,28.0,0
"Vejle, Denmark",55.7042,9.5667,0
"Venezia, Italy",45.4317,12.3075,0
"Venice, Italy",45.4317,12.3075,0
"Ventspils, Latvia",57.4,21.5667,0
"Veracruz, Mexico",19.2,-96.1333,0
"Veraval, India",20.8903,70.3644,0
"Viana Do Castello, Portugal",41.6875,-8.825,0
"Viareggio, Italy",43.8625,10.2333,0
"Victoria, Cameroon",4.0033,9.1925,0
"Victoria, Canada",48.4167,-123.3917,0
"Victoria, Sabah",5.275,115.2417,0
"Victoria, Seychelles",-4.6111,55.4833,0
"Vigo, Spain",42.2417,-8.7333,0
"Vila Real De Santo Antonio, Portugal",37.2,-7.4083,0
"Villa Cisneros, Western Sahara",23.6167,-16.0,0
"Villa Constitucion, Argentina",-33.2294,-60.3239,0
"Villa Do Porto, Azores",36.9333,-25.15,0
"Villa San Giovanni, Italy",38.2167,15.6319,0
"Villagarcia, Spain",42.6,-8.7958,0
"Villefranche, France",43.7,7.3125,0
"Vinh Cam Ranh, Vietnam",11.8833,109.15,0
"Vishakhapatnam, India",17.6833,83.2833,0
"Vita, Cuba",21.0792,-75.9522,0
"Vitoria, Brazil",-20.3222,-40.3417,0
"Vlaardingen, Netherlands",51.8961,4.3414,0
"Vladivostok, Russia",43.1083,131.8833,0
"Vlissingen, Netherlands",51.4417,3.6,0
"Vlores, Albania",40.4417,19.475,0
"Volos, Greece",39.3569,22.9436,0
"Vung Tau, Vietnam",10.3417,107.0667,0
"Vyborg, Russia",60.7083,28.7333,0
"Vysotsk, Russia",60.6333,28.5667,0
"Wadi Feiran, Egypt",28.7417,33.21,0
"Wakamatsu, Japan",33.9167,130.8167,0
"Wakayama, Japan",34.1425,135.1644,0
"Wake Island, Pacific",19.3,166.5833,0
"Wakkanai, Japan",45.4167,141.6889,0
"Wallaroo, Australia",-33.9167,137.6,0
"Walvisbaai, Namibia",-22.95,14.4958,0
"Wanganui, Newzealand",-39.9542,174.9764,0
"Warnemunde, Germany",54.1833,12.0917,0
"Warrenpoint, Northern Ireland",54.0972,-6.2528,0
"Washington, District Of Columbia, U.S.A.",38.875,-77.025,0
"Waterford, Ireland",52.2639,-7.1167,0
"Wei Hai Wei, China",37.5,122.1417,0
"Weihai, China",37.5,122.1417,0
"Weipa, Australia",-12.7,141.6833,0
"Wellington, New Zealand",-41.2833,174.7833,0
"Wenzhou, China",28.0292,120.6667,0
"Weonsan, North Korea",39.1667,127.4417,0
"Whampoa, China",23.095,113.4417,0
"Whangarei, New Zealand",-35.8889,174.55,0
"Whiddy Island Oil Terminal, Ireland",51.6872,-9.5317,0
"Whitehaven, England",54.5506,-3.5997,0
"Whittier, Alaska, U.S.A.",60.78,-148.66,0
"Whyalla, Australia",-33.0208,137.6,0
"Wilhelmshaven, Germany",53.5167,8.1417,0
"Willemstad, Curacao",12.1167,-68.9333,0
"Wilmington, Delaware,  U.S.A.",39.72,-75.525,0
"Wilmington, North Carolina, U.S.A.",34.2333,-77.95,0
"Wilson Promontory, Australia",-39.1667,146.4333,0
"Wismar, Germany",53.9083,11.4417,0
"Womens Bay, Alaska, U.S.A.",57.7083,-152.525,0
"Wonsan, North Korea",39.1667,127.4333,0
"Wotho, Marshall Islands",10.15,165.9333,0
"Wotje Island, Marshall Islands",9.45,170.2333,0
"Wrangell, Alaska,U.S.A.",56.4667,-132.4167,0
"Wu-Hu, China",31.3333,118.35,0
"Wu-Sung, China",31.3917,121.5083,0
"Wuhu, China",31.3333,118.35,0
"Wusong, China",31.3917,121.5083,0
"Wyndham, Australia",-15.4583,128.1,0
"Xiamen, China",24.45,118.0667,0
"Yabucoa, Puerto Rico",18.0433,-65.8094,0
"Yakutat, Alaska, U.S.A.",59.55,-139.75,0
"Yalta, Russia",44.4819,34.1722,0
"Yampi Sound, Australia",-16.1333,123.6333,0
"Yanbu Al Bahr, Saudi Arabia",24.0622,38.0467,0
"Yandina, Solomon Islands",-9.0714,159.2306,0
"Yantai, China",37.5542,121.3917,0
"Yap, Caroline Islands",9.5083,138.1333,0
"Yarmouth, Canada",43.8333,-66.125,0
"Yarmouth, England",50.7083,-1.4989,0
"Yen-Tai, China",37.5542,121.3917,0
"Yeosu, South Korea",34.75,127.7583,0
"Yokkaichi, Japan",34.95,136.6667,0
"Yokohama, Japan",35.45,139.65,0
"Yokosuka, Japan",35.2917,139.6583,0
"Yorktown, Virginia, U.S.A.",37.24,-76.5083,0
"Yosu, South Korea",34.75,127.7583,0
Yucatan Channel,21.8333,-85.05,0
"Yumurtalik, Turkey",36.75,35.75,0
"Zadar, Croatia",44.1167,15.2167,0
"Zamboanga, Philippines",6.9,122.0667,0
"Zanzibar, Tanzania",-6.1667,39.1833,0
"Zeebrugge, Belgium",51.35,3.2,0
"Zelinika, Montenegro",42.4494,18.5681,0
"Zhenjiang, China",32.2167,119.45,0
"Zonguldak, Turkey",41.4667,31.8167,0
"Zueitina, Libya",30.9333,20.0,0
"Bishop Rock, England",49.75,-6.5833,1
"Cape Leeuwin, Australia",-34.5333,115.1333,1
"Cape Of Good Hope, South Africa",-34.3667,18.3833,1
"Fastnet Rock, Ireland",51.3333,-9.6,1
Grand Banks South,42.5,-50.0,1
"Honshu, Japan",35.0,140.5,1
"Ile D’Ouessant, France",48.6667,-5.5,1
"Inishtrahull, Ireland",55.4167,-7.5,1
"Montreal, Canada",45.5,-73.55,1
"Nord-Ostsee-Kanal (East Entrance), Germany",54.3667,10.15,1
"Panama, Panama",8.8833,-79.5167,1
"Pentland Firth, Scotland",58.7,-3.3333,1
"Port Said, Egypt",31.2667,32.3167,1
"Punta Arenas, Chile",-53.1667,-70.9,1
"Selat Lombok, Indonesia",-8.8333,115.7167,1
"Selat Sunda, Indonesia",-6.0667,105.8333,1
"Selat Wetar, Indonesia",-8.3167,127.45,1
Singapore,1.2667,103.8333,1
"Skagens Odde, Denmark",57.8,10.7333,1
Strait Of Gibraltar,35.95,-5.75,1
Straits Of Florida,24.4167,-83.0,1
"Torres Strait, Australia",-10.55,142.1333,1
"Tsugaru-Kaikyo, Japan",41.5,140.6667,1
"Wilson Promontory, Australia",-39.1667,146.4333,1
Yucatan Channel,21.8333,-85.05,1
